ЕдиницаИзмерения;ЕдиницаИзмеренияМест;Качество;Количество;КоличествоМест;КоличествоУчет;Коэффициент;Номенклатура;Сумма;СуммаУчет;ХарактеристикаНоменклатуры;Цена;ЦенаВРознице;ЦенаРегл;СуммаРегл;СерияНоменклатуры
{"#",90934666-83d0-4ca4-8538-3049224a0ae1,64:8097009c029a0d5911e8a05430756f5c};{"#",90934666-83d0-4ca4-8538-3049224a0ae1,64:00000000000000000000000000000000};{"#",e9ae4cc7-0f1d-47c7-ad80-d1afc972ee5d,72:a79841ebe5e5b977449b6bced05404a0};{"N",2};{"N",0};{"N",2};{"N",1};{"#",44a01d39-c2b6-4751-85e6-06fdc2f23043,98:8097009c029a0d5911e8a05430756f5b};{"N",73.5};{"N",73.5};{"#",de681bef-7b2a-42e5-a126-f4a04369411f,170:00000000000000000000000000000000};{"N",36.75};{"N",0};{"N",0};{"N",0};{"#",5e26518e-b532-48a7-a61c-5be94217aec2,130:00000000000000000000000000000000}
{"#",90934666-83d0-4ca4-8538-3049224a0ae1,64:8097009c029a0d5911e8a05430756f5a};{"#",90934666-83d0-4ca4-8538-3049224a0ae1,64:00000000000000000000000000000000};{"#",e9ae4cc7-0f1d-47c7-ad80-d1afc972ee5d,72:a79841ebe5e5b977449b6bced05404a0};{"N",5};{"N",0};{"N",4};{"N",1};{"#",44a01d39-c2b6-4751-85e6-06fdc2f23043,98:8097009c029a0d5911e8a05430756f59};{"N",183.75};{"N",147};{"#",de681bef-7b2a-42e5-a126-f4a04369411f,170:00000000000000000000000000000000};{"N",36.75};{"N",0};{"N",0};{"N",0};{"#",5e26518e-b532-48a7-a61c-5be94217aec2,130:00000000000000000000000000000000}
{"#",90934666-83d0-4ca4-8538-3049224a0ae1,64:8097009c029a0d5911e8a05430756f5e};{"#",90934666-83d0-4ca4-8538-3049224a0ae1,64:00000000000000000000000000000000};{"#",e9ae4cc7-0f1d-47c7-ad80-d1afc972ee5d,72:a79841ebe5e5b977449b6bced05404a0};{"N",5};{"N",0};{"N",5};{"N",1};{"#",44a01d39-c2b6-4751-85e6-06fdc2f23043,98:8097009c029a0d5911e8a05430756f5d};{"N",183.75};{"N",183.75};{"#",de681bef-7b2a-42e5-a126-f4a04369411f,170:00000000000000000000000000000000};{"N",36.75};{"N",0};{"N",0};{"N",0};{"#",5e26518e-b532-48a7-a61c-5be94217aec2,130:00000000000000000000000000000000}
{"#",90934666-83d0-4ca4-8538-3049224a0ae1,64:8097009c029a0d5911e8a05430756f60};{"#",90934666-83d0-4ca4-8538-3049224a0ae1,64:00000000000000000000000000000000};{"#",e9ae4cc7-0f1d-47c7-ad80-d1afc972ee5d,72:a79841ebe5e5b977449b6bced05404a0};{"N",5};{"N",0};{"N",5};{"N",1};{"#",44a01d39-c2b6-4751-85e6-06fdc2f23043,98:8097009c029a0d5911e8a05430756f5f};{"N",183.75};{"N",183.75};{"#",de681bef-7b2a-42e5-a126-f4a04369411f,170:00000000000000000000000000000000};{"N",36.75};{"N",0};{"N",0};{"N",0};{"#",5e26518e-b532-48a7-a61c-5be94217aec2,130:00000000000000000000000000000000}
{"#",90934666-83d0-4ca4-8538-3049224a0ae1,64:8097009c029a0d5911e8a05430756f62};{"#",90934666-83d0-4ca4-8538-3049224a0ae1,64:00000000000000000000000000000000};{"#",e9ae4cc7-0f1d-47c7-ad80-d1afc972ee5d,72:a79841ebe5e5b977449b6bced05404a0};{"N",4};{"N",0};{"N",5};{"N",1};{"#",44a01d39-c2b6-4751-85e6-06fdc2f23043,98:8097009c029a0d5911e8a05430756f61};{"N",168};{"N",210};{"#",de681bef-7b2a-42e5-a126-f4a04369411f,170:00000000000000000000000000000000};{"N",42};{"N",0};{"N",0};{"N",0};{"#",5e26518e-b532-48a7-a61c-5be94217aec2,130:00000000000000000000000000000000}
{"#",90934666-83d0-4ca4-8538-3049224a0ae1,64:8097009c029a0d5911e8a05430756f64};{"#",90934666-83d0-4ca4-8538-3049224a0ae1,64:00000000000000000000000000000000};{"#",e9ae4cc7-0f1d-47c7-ad80-d1afc972ee5d,72:a79841ebe5e5b977449b6bced05404a0};{"N",1};{"N",0};{"N",1};{"N",1};{"#",44a01d39-c2b6-4751-85e6-06fdc2f23043,98:8097009c029a0d5911e8a05430756f63};{"N",219.55};{"N",219.55};{"#",de681bef-7b2a-42e5-a126-f4a04369411f,170:00000000000000000000000000000000};{"N",219.55};{"N",0};{"N",0};{"N",0};{"#",5e26518e-b532-48a7-a61c-5be94217aec2,130:00000000000000000000000000000000}
{"#",90934666-83d0-4ca4-8538-3049224a0ae1,64:8097009c029a0d5911e8a05430756f94};{"#",90934666-83d0-4ca4-8538-3049224a0ae1,64:00000000000000000000000000000000};{"#",e9ae4cc7-0f1d-47c7-ad80-d1afc972ee5d,72:a79841ebe5e5b977449b6bced05404a0};{"N",0};{"N",0};{"N",5};{"N",1};{"#",44a01d39-c2b6-4751-85e6-06fdc2f23043,98:8097009c029a0d5911e8a05430756f93};{"N",0};{"N",139.1};{"#",de681bef-7b2a-42e5-a126-f4a04369411f,170:00000000000000000000000000000000};{"N",27.82};{"N",0};{"N",0};{"N",0};{"#",5e26518e-b532-48a7-a61c-5be94217aec2,130:00000000000000000000000000000000}
{"#",90934666-83d0-4ca4-8538-3049224a0ae1,64:8097009c029a0d5911e8a05430756f96};{"#",90934666-83d0-4ca4-8538-3049224a0ae1,64:00000000000000000000000000000000};{"#",e9ae4cc7-0f1d-47c7-ad80-d1afc972ee5d,72:a79841ebe5e5b977449b6bced05404a0};{"N",2};{"N",0};{"N",3};{"N",1};{"#",44a01d39-c2b6-4751-85e6-06fdc2f23043,98:8097009c029a0d5911e8a05430756f95};{"N",55.64};{"N",83.46};{"#",de681bef-7b2a-42e5-a126-f4a04369411f,170:00000000000000000000000000000000};{"N",27.82};{"N",0};{"N",0};{"N",0};{"#",5e26518e-b532-48a7-a61c-5be94217aec2,130:00000000000000000000000000000000}
{"#",90934666-83d0-4ca4-8538-3049224a0ae1,64:8097009c029a0d5911e8a05430756f98};{"#",90934666-83d0-4ca4-8538-3049224a0ae1,64:00000000000000000000000000000000};{"#",e9ae4cc7-0f1d-47c7-ad80-d1afc972ee5d,72:a79841ebe5e5b977449b6bced05404a0};{"N",1};{"N",0};{"N",1};{"N",1};{"#",44a01d39-c2b6-4751-85e6-06fdc2f23043,98:8097009c029a0d5911e8a05430756f97};{"N",55.64};{"N",55.64};{"#",de681bef-7b2a-42e5-a126-f4a04369411f,170:00000000000000000000000000000000};{"N",55.64};{"N",0};{"N",0};{"N",0};{"#",5e26518e-b532-48a7-a61c-5be94217aec2,130:00000000000000000000000000000000}
{"#",90934666-83d0-4ca4-8538-3049224a0ae1,64:8097009c029a0d5911e8a05430756f9a};{"#",90934666-83d0-4ca4-8538-3049224a0ae1,64:00000000000000000000000000000000};{"#",e9ae4cc7-0f1d-47c7-ad80-d1afc972ee5d,72:a79841ebe5e5b977449b6bced05404a0};{"N",5};{"N",0};{"N",5};{"N",1};{"#",44a01d39-c2b6-4751-85e6-06fdc2f23043,98:8097009c029a0d5911e8a05430756f99};{"N",232.35};{"N",232.35};{"#",de681bef-7b2a-42e5-a126-f4a04369411f,170:00000000000000000000000000000000};{"N",46.47};{"N",0};{"N",0};{"N",0};{"#",5e26518e-b532-48a7-a61c-5be94217aec2,130:00000000000000000000000000000000}
{"#",90934666-83d0-4ca4-8538-3049224a0ae1,64:8097009c029a0d5911e8a05430756f9c};{"#",90934666-83d0-4ca4-8538-3049224a0ae1,64:00000000000000000000000000000000};{"#",e9ae4cc7-0f1d-47c7-ad80-d1afc972ee5d,72:a79841ebe5e5b977449b6bced05404a0};{"N",3};{"N",0};{"N",3};{"N",1};{"#",44a01d39-c2b6-4751-85e6-06fdc2f23043,98:8097009c029a0d5911e8a05430756f9b};{"N",139.41};{"N",139.41};{"#",de681bef-7b2a-42e5-a126-f4a04369411f,170:00000000000000000000000000000000};{"N",46.47};{"N",0};{"N",0};{"N",0};{"#",5e26518e-b532-48a7-a61c-5be94217aec2,130:00000000000000000000000000000000}
{"#",90934666-83d0-4ca4-8538-3049224a0ae1,64:8097009c029a0d5911e8a05430756f9e};{"#",90934666-83d0-4ca4-8538-3049224a0ae1,64:00000000000000000000000000000000};{"#",e9ae4cc7-0f1d-47c7-ad80-d1afc972ee5d,72:a79841ebe5e5b977449b6bced05404a0};{"N",5};{"N",0};{"N",6};{"N",1};{"#",44a01d39-c2b6-4751-85e6-06fdc2f23043,98:8097009c029a0d5911e8a05430756f9d};{"N",232.35};{"N",278.82};{"#",de681bef-7b2a-42e5-a126-f4a04369411f,170:00000000000000000000000000000000};{"N",46.47};{"N",0};{"N",0};{"N",0};{"#",5e26518e-b532-48a7-a61c-5be94217aec2,130:00000000000000000000000000000000}
{"#",90934666-83d0-4ca4-8538-3049224a0ae1,64:8097009c029a0d5911e8a05430756fa0};{"#",90934666-83d0-4ca4-8538-3049224a0ae1,64:00000000000000000000000000000000};{"#",e9ae4cc7-0f1d-47c7-ad80-d1afc972ee5d,72:a79841ebe5e5b977449b6bced05404a0};{"N",3};{"N",0};{"N",3};{"N",1};{"#",44a01d39-c2b6-4751-85e6-06fdc2f23043,98:8097009c029a0d5911e8a05430756f9f};{"N",83.46};{"N",83.46};{"#",de681bef-7b2a-42e5-a126-f4a04369411f,170:00000000000000000000000000000000};{"N",27.82};{"N",0};{"N",0};{"N",0};{"#",5e26518e-b532-48a7-a61c-5be94217aec2,130:00000000000000000000000000000000}
{"#",90934666-83d0-4ca4-8538-3049224a0ae1,64:8097009c029a0d5911e8a05430756fa2};{"#",90934666-83d0-4ca4-8538-3049224a0ae1,64:00000000000000000000000000000000};{"#",e9ae4cc7-0f1d-47c7-ad80-d1afc972ee5d,72:a79841ebe5e5b977449b6bced05404a0};{"N",2};{"N",0};{"N",2};{"N",1};{"#",44a01d39-c2b6-4751-85e6-06fdc2f23043,98:8097009c029a0d5911e8a05430756fa1};{"N",55.64};{"N",55.64};{"#",de681bef-7b2a-42e5-a126-f4a04369411f,170:00000000000000000000000000000000};{"N",27.82};{"N",0};{"N",0};{"N",0};{"#",5e26518e-b532-48a7-a61c-5be94217aec2,130:00000000000000000000000000000000}
{"#",90934666-83d0-4ca4-8538-3049224a0ae1,64:8097009c029a0d5911e8a054366da2a5};{"#",90934666-83d0-4ca4-8538-3049224a0ae1,64:00000000000000000000000000000000};{"#",e9ae4cc7-0f1d-47c7-ad80-d1afc972ee5d,72:a79841ebe5e5b977449b6bced05404a0};{"N",1};{"N",0};{"N",2};{"N",1};{"#",44a01d39-c2b6-4751-85e6-06fdc2f23043,98:8097009c029a0d5911e8a054366da2a4};{"N",21.05};{"N",42.1};{"#",de681bef-7b2a-42e5-a126-f4a04369411f,170:00000000000000000000000000000000};{"N",21.05};{"N",0};{"N",0};{"N",0};{"#",5e26518e-b532-48a7-a61c-5be94217aec2,130:00000000000000000000000000000000}
{"#",90934666-83d0-4ca4-8538-3049224a0ae1,64:8097009c029a0d5911e8e25bad053b82};{"#",90934666-83d0-4ca4-8538-3049224a0ae1,64:00000000000000000000000000000000};{"#",e9ae4cc7-0f1d-47c7-ad80-d1afc972ee5d,72:a79841ebe5e5b977449b6bced05404a0};{"N",1};{"N",0};{"N",1};{"N",1};{"#",44a01d39-c2b6-4751-85e6-06fdc2f23043,98:8097009c029a0d5911e8e25bad053b81};{"N",21.51};{"N",21.51};{"#",de681bef-7b2a-42e5-a126-f4a04369411f,170:00000000000000000000000000000000};{"N",21.51};{"N",0};{"N",0};{"N",0};{"#",5e26518e-b532-48a7-a61c-5be94217aec2,130:00000000000000000000000000000000}
{"#",90934666-83d0-4ca4-8538-3049224a0ae1,64:8127d43d7e95a4a111e46bfcbe8fe92e};{"#",90934666-83d0-4ca4-8538-3049224a0ae1,64:00000000000000000000000000000000};{"#",e9ae4cc7-0f1d-47c7-ad80-d1afc972ee5d,72:a79841ebe5e5b977449b6bced05404a0};{"N",4};{"N",0};{"N",5};{"N",1};{"#",44a01d39-c2b6-4751-85e6-06fdc2f23043,98:8127d43d7e95a4a111e46bfcbe8fe92c};{"N",140};{"N",175};{"#",de681bef-7b2a-42e5-a126-f4a04369411f,170:00000000000000000000000000000000};{"N",35};{"N",0};{"N",0};{"N",0};{"#",5e26518e-b532-48a7-a61c-5be94217aec2,130:00000000000000000000000000000000}
{"#",90934666-83d0-4ca4-8538-3049224a0ae1,64:8127d43d7e95a4a111e46bfcf7cb1ed8};{"#",90934666-83d0-4ca4-8538-3049224a0ae1,64:00000000000000000000000000000000};{"#",e9ae4cc7-0f1d-47c7-ad80-d1afc972ee5d,72:a79841ebe5e5b977449b6bced05404a0};{"N",3};{"N",0};{"N",3};{"N",1};{"#",44a01d39-c2b6-4751-85e6-06fdc2f23043,98:8127d43d7e95a4a111e46bfcf7cb1ed6};{"N",105};{"N",105};{"#",de681bef-7b2a-42e5-a126-f4a04369411f,170:00000000000000000000000000000000};{"N",35};{"N",0};{"N",0};{"N",0};{"#",5e26518e-b532-48a7-a61c-5be94217aec2,130:00000000000000000000000000000000}
{"#",90934666-83d0-4ca4-8538-3049224a0ae1,64:8127d43d7e95a4a111e46c1872e4aa89};{"#",90934666-83d0-4ca4-8538-3049224a0ae1,64:00000000000000000000000000000000};{"#",e9ae4cc7-0f1d-47c7-ad80-d1afc972ee5d,72:a79841ebe5e5b977449b6bced05404a0};{"N",2};{"N",0};{"N",2};{"N",1};{"#",44a01d39-c2b6-4751-85e6-06fdc2f23043,98:8127d43d7e95a4a111e46c1872e4aa87};{"N",37.8};{"N",37.8};{"#",de681bef-7b2a-42e5-a126-f4a04369411f,170:00000000000000000000000000000000};{"N",18.9};{"N",0};{"N",0};{"N",0};{"#",5e26518e-b532-48a7-a61c-5be94217aec2,130:00000000000000000000000000000000}
{"#",90934666-83d0-4ca4-8538-3049224a0ae1,64:8180f46d0403d14511e135fb261a763e};{"#",90934666-83d0-4ca4-8538-3049224a0ae1,64:00000000000000000000000000000000};{"#",e9ae4cc7-0f1d-47c7-ad80-d1afc972ee5d,72:a79841ebe5e5b977449b6bced05404a0};{"N",2};{"N",0};{"N",2};{"N",1};{"#",44a01d39-c2b6-4751-85e6-06fdc2f23043,98:8180f46d0403d14511e135fb261a763d};{"N",37.8};{"N",37.8};{"#",de681bef-7b2a-42e5-a126-f4a04369411f,170:00000000000000000000000000000000};{"N",18.9};{"N",0};{"N",0};{"N",0};{"#",5e26518e-b532-48a7-a61c-5be94217aec2,130:00000000000000000000000000000000}
{"#",90934666-83d0-4ca4-8538-3049224a0ae1,64:8508009c029a0d5911e6969c07567092};{"#",90934666-83d0-4ca4-8538-3049224a0ae1,64:00000000000000000000000000000000};{"#",e9ae4cc7-0f1d-47c7-ad80-d1afc972ee5d,72:a79841ebe5e5b977449b6bced05404a0};{"N",5};{"N",0};{"N",3};{"N",1};{"#",44a01d39-c2b6-4751-85e6-06fdc2f23043,98:8508009c029a0d5911e6969c07567090};{"N",188.05};{"N",112.83};{"#",de681bef-7b2a-42e5-a126-f4a04369411f,170:00000000000000000000000000000000};{"N",37.61};{"N",0};{"N",0};{"N",0};{"#",5e26518e-b532-48a7-a61c-5be94217aec2,130:00000000000000000000000000000000}
{"#",90934666-83d0-4ca4-8538-3049224a0ae1,64:89bd009c029a0d5911e5d15cf78249f4};{"#",90934666-83d0-4ca4-8538-3049224a0ae1,64:00000000000000000000000000000000};{"#",e9ae4cc7-0f1d-47c7-ad80-d1afc972ee5d,72:a79841ebe5e5b977449b6bced05404a0};{"N",5};{"N",0};{"N",5};{"N",1};{"#",44a01d39-c2b6-4751-85e6-06fdc2f23043,98:89bd009c029a0d5911e5d15cf78249f2};{"N",232.5};{"N",232.5};{"#",de681bef-7b2a-42e5-a126-f4a04369411f,170:00000000000000000000000000000000};{"N",46.5};{"N",0};{"N",0};{"N",0};{"#",5e26518e-b532-48a7-a61c-5be94217aec2,130:00000000000000000000000000000000}
{"#",90934666-83d0-4ca4-8538-3049224a0ae1,64:8cc1801f02259a1811e23edf91ce3299};{"#",90934666-83d0-4ca4-8538-3049224a0ae1,64:00000000000000000000000000000000};{"#",e9ae4cc7-0f1d-47c7-ad80-d1afc972ee5d,72:a79841ebe5e5b977449b6bced05404a0};{"N",3};{"N",0};{"N",2};{"N",1};{"#",44a01d39-c2b6-4751-85e6-06fdc2f23043,98:8cc1801f02259a1811e23edf91ce3298};{"N",146.49};{"N",97.66};{"#",de681bef-7b2a-42e5-a126-f4a04369411f,170:00000000000000000000000000000000};{"N",48.83};{"N",0};{"N",0};{"N",0};{"#",5e26518e-b532-48a7-a61c-5be94217aec2,130:00000000000000000000000000000000}
{"#",90934666-83d0-4ca4-8538-3049224a0ae1,64:8cc1801f02259a1811e23edf91ce329b};{"#",90934666-83d0-4ca4-8538-3049224a0ae1,64:00000000000000000000000000000000};{"#",e9ae4cc7-0f1d-47c7-ad80-d1afc972ee5d,72:a79841ebe5e5b977449b6bced05404a0};{"N",5};{"N",0};{"N",5};{"N",1};{"#",44a01d39-c2b6-4751-85e6-06fdc2f23043,98:8cc1801f02259a1811e23edf91ce329a};{"N",244.15};{"N",244.15};{"#",de681bef-7b2a-42e5-a126-f4a04369411f,170:00000000000000000000000000000000};{"N",48.83};{"N",0};{"N",0};{"N",0};{"#",5e26518e-b532-48a7-a61c-5be94217aec2,130:00000000000000000000000000000000}
{"#",90934666-83d0-4ca4-8538-3049224a0ae1,64:8cc1801f02259a1811e23edf91ce329d};{"#",90934666-83d0-4ca4-8538-3049224a0ae1,64:00000000000000000000000000000000};{"#",e9ae4cc7-0f1d-47c7-ad80-d1afc972ee5d,72:a79841ebe5e5b977449b6bced05404a0};{"N",5};{"N",0};{"N",5};{"N",1};{"#",44a01d39-c2b6-4751-85e6-06fdc2f23043,98:8cc1801f02259a1811e23edf91ce329c};{"N",244.15};{"N",244.15};{"#",de681bef-7b2a-42e5-a126-f4a04369411f,170:00000000000000000000000000000000};{"N",48.83};{"N",0};{"N",0};{"N",0};{"#",5e26518e-b532-48a7-a61c-5be94217aec2,130:00000000000000000000000000000000}
{"#",90934666-83d0-4ca4-8538-3049224a0ae1,64:8cc1801f02259a1811e23edf91ce329f};{"#",90934666-83d0-4ca4-8538-3049224a0ae1,64:00000000000000000000000000000000};{"#",e9ae4cc7-0f1d-47c7-ad80-d1afc972ee5d,72:a79841ebe5e5b977449b6bced05404a0};{"N",5};{"N",0};{"N",4};{"N",1};{"#",44a01d39-c2b6-4751-85e6-06fdc2f23043,98:8cc1801f02259a1811e23edf91ce329e};{"N",341.25};{"N",273};{"#",de681bef-7b2a-42e5-a126-f4a04369411f,170:00000000000000000000000000000000};{"N",68.25};{"N",0};{"N",0};{"N",0};{"#",5e26518e-b532-48a7-a61c-5be94217aec2,130:00000000000000000000000000000000}
{"#",90934666-83d0-4ca4-8538-3049224a0ae1,64:8cc1801f02259a1811e23edf91ce32a1};{"#",90934666-83d0-4ca4-8538-3049224a0ae1,64:00000000000000000000000000000000};{"#",e9ae4cc7-0f1d-47c7-ad80-d1afc972ee5d,72:a79841ebe5e5b977449b6bced05404a0};{"N",2};{"N",0};{"N",1};{"N",1};{"#",44a01d39-c2b6-4751-85e6-06fdc2f23043,98:8cc1801f02259a1811e23edf91ce32a0};{"N",136.5};{"N",68.25};{"#",de681bef-7b2a-42e5-a126-f4a04369411f,170:00000000000000000000000000000000};{"N",68.25};{"N",0};{"N",0};{"N",0};{"#",5e26518e-b532-48a7-a61c-5be94217aec2,130:00000000000000000000000000000000}
{"#",90934666-83d0-4ca4-8538-3049224a0ae1,64:8cc1801f02259a1811e23edf91ce32a3};{"#",90934666-83d0-4ca4-8538-3049224a0ae1,64:00000000000000000000000000000000};{"#",e9ae4cc7-0f1d-47c7-ad80-d1afc972ee5d,72:a79841ebe5e5b977449b6bced05404a0};{"N",5};{"N",0};{"N",3};{"N",1};{"#",44a01d39-c2b6-4751-85e6-06fdc2f23043,98:8cc1801f02259a1811e23edf91ce32a2};{"N",341.25};{"N",204.75};{"#",de681bef-7b2a-42e5-a126-f4a04369411f,170:00000000000000000000000000000000};{"N",68.25};{"N",0};{"N",0};{"N",0};{"#",5e26518e-b532-48a7-a61c-5be94217aec2,130:00000000000000000000000000000000}
{"#",90934666-83d0-4ca4-8538-3049224a0ae1,64:8cc1801f02259a1811e23edf91ce32a5};{"#",90934666-83d0-4ca4-8538-3049224a0ae1,64:00000000000000000000000000000000};{"#",e9ae4cc7-0f1d-47c7-ad80-d1afc972ee5d,72:a79841ebe5e5b977449b6bced05404a0};{"N",1};{"N",0};{"N",5};{"N",1};{"#",44a01d39-c2b6-4751-85e6-06fdc2f23043,98:8cc1801f02259a1811e23edf91ce32a4};{"N",68.25};{"N",341.25};{"#",de681bef-7b2a-42e5-a126-f4a04369411f,170:00000000000000000000000000000000};{"N",68.25};{"N",0};{"N",0};{"N",0};{"#",5e26518e-b532-48a7-a61c-5be94217aec2,130:00000000000000000000000000000000}
{"#",90934666-83d0-4ca4-8538-3049224a0ae1,64:8cc1801f02259a1811e23edf91ce32a7};{"#",90934666-83d0-4ca4-8538-3049224a0ae1,64:00000000000000000000000000000000};{"#",e9ae4cc7-0f1d-47c7-ad80-d1afc972ee5d,72:a79841ebe5e5b977449b6bced05404a0};{"N",4};{"N",0};{"N",4};{"N",1};{"#",44a01d39-c2b6-4751-85e6-06fdc2f23043,98:8cc1801f02259a1811e23edf91ce32a6};{"N",315};{"N",315};{"#",de681bef-7b2a-42e5-a126-f4a04369411f,170:00000000000000000000000000000000};{"N",78.75};{"N",0};{"N",0};{"N",0};{"#",5e26518e-b532-48a7-a61c-5be94217aec2,130:00000000000000000000000000000000}
{"#",90934666-83d0-4ca4-8538-3049224a0ae1,64:8cc1801f02259a1811e23edf91ce32a9};{"#",90934666-83d0-4ca4-8538-3049224a0ae1,64:00000000000000000000000000000000};{"#",e9ae4cc7-0f1d-47c7-ad80-d1afc972ee5d,72:a79841ebe5e5b977449b6bced05404a0};{"N",4};{"N",0};{"N",4};{"N",1};{"#",44a01d39-c2b6-4751-85e6-06fdc2f23043,98:8cc1801f02259a1811e23edf91ce32a8};{"N",315};{"N",315};{"#",de681bef-7b2a-42e5-a126-f4a04369411f,170:00000000000000000000000000000000};{"N",78.75};{"N",0};{"N",0};{"N",0};{"#",5e26518e-b532-48a7-a61c-5be94217aec2,130:00000000000000000000000000000000}
{"#",90934666-83d0-4ca4-8538-3049224a0ae1,64:8cc1801f02259a1811e23edf91ce32ab};{"#",90934666-83d0-4ca4-8538-3049224a0ae1,64:00000000000000000000000000000000};{"#",e9ae4cc7-0f1d-47c7-ad80-d1afc972ee5d,72:a79841ebe5e5b977449b6bced05404a0};{"N",5};{"N",0};{"N",5};{"N",1};{"#",44a01d39-c2b6-4751-85e6-06fdc2f23043,98:8cc1801f02259a1811e23edf91ce32aa};{"N",393.75};{"N",393.75};{"#",de681bef-7b2a-42e5-a126-f4a04369411f,170:00000000000000000000000000000000};{"N",78.75};{"N",0};{"N",0};{"N",0};{"#",5e26518e-b532-48a7-a61c-5be94217aec2,130:00000000000000000000000000000000}
{"#",90934666-83d0-4ca4-8538-3049224a0ae1,64:8cc1801f02259a1811e23edf91ce32ad};{"#",90934666-83d0-4ca4-8538-3049224a0ae1,64:00000000000000000000000000000000};{"#",e9ae4cc7-0f1d-47c7-ad80-d1afc972ee5d,72:a79841ebe5e5b977449b6bced05404a0};{"N",2};{"N",0};{"N",4};{"N",1};{"#",44a01d39-c2b6-4751-85e6-06fdc2f23043,98:8cc1801f02259a1811e23edf91ce32ac};{"N",157.5};{"N",315};{"#",de681bef-7b2a-42e5-a126-f4a04369411f,170:00000000000000000000000000000000};{"N",78.75};{"N",0};{"N",0};{"N",0};{"#",5e26518e-b532-48a7-a61c-5be94217aec2,130:00000000000000000000000000000000}
{"#",90934666-83d0-4ca4-8538-3049224a0ae1,64:8cc1801f02259a1811e23edf91ce32af};{"#",90934666-83d0-4ca4-8538-3049224a0ae1,64:00000000000000000000000000000000};{"#",e9ae4cc7-0f1d-47c7-ad80-d1afc972ee5d,72:a79841ebe5e5b977449b6bced05404a0};{"N",1};{"N",0};{"N",1};{"N",1};{"#",44a01d39-c2b6-4751-85e6-06fdc2f23043,98:8cc1801f02259a1811e23edf91ce32ae};{"N",78.75};{"N",78.75};{"#",de681bef-7b2a-42e5-a126-f4a04369411f,170:00000000000000000000000000000000};{"N",78.75};{"N",0};{"N",0};{"N",0};{"#",5e26518e-b532-48a7-a61c-5be94217aec2,130:00000000000000000000000000000000}
{"#",90934666-83d0-4ca4-8538-3049224a0ae1,64:8cc1801f02259a1811e23edf91ce32b1};{"#",90934666-83d0-4ca4-8538-3049224a0ae1,64:00000000000000000000000000000000};{"#",e9ae4cc7-0f1d-47c7-ad80-d1afc972ee5d,72:a79841ebe5e5b977449b6bced05404a0};{"N",0};{"N",0};{"N",2};{"N",1};{"#",44a01d39-c2b6-4751-85e6-06fdc2f23043,98:8cc1801f02259a1811e23edf91ce32b0};{"N",0};{"N",180.6};{"#",de681bef-7b2a-42e5-a126-f4a04369411f,170:00000000000000000000000000000000};{"N",90.3};{"N",0};{"N",0};{"N",0};{"#",5e26518e-b532-48a7-a61c-5be94217aec2,130:00000000000000000000000000000000}
{"#",90934666-83d0-4ca4-8538-3049224a0ae1,64:8cc1801f02259a1811e23edf91ce32b5};{"#",90934666-83d0-4ca4-8538-3049224a0ae1,64:00000000000000000000000000000000};{"#",e9ae4cc7-0f1d-47c7-ad80-d1afc972ee5d,72:a79841ebe5e5b977449b6bced05404a0};{"N",5};{"N",0};{"N",5};{"N",1};{"#",44a01d39-c2b6-4751-85e6-06fdc2f23043,98:8cc1801f02259a1811e23edf91ce32b4};{"N",451.5};{"N",451.5};{"#",de681bef-7b2a-42e5-a126-f4a04369411f,170:00000000000000000000000000000000};{"N",90.3};{"N",0};{"N",0};{"N",0};{"#",5e26518e-b532-48a7-a61c-5be94217aec2,130:00000000000000000000000000000000}
{"#",90934666-83d0-4ca4-8538-3049224a0ae1,64:8cc1801f02259a1811e23edf91ce32b7};{"#",90934666-83d0-4ca4-8538-3049224a0ae1,64:00000000000000000000000000000000};{"#",e9ae4cc7-0f1d-47c7-ad80-d1afc972ee5d,72:a79841ebe5e5b977449b6bced05404a0};{"N",2};{"N",0};{"N",2};{"N",1};{"#",44a01d39-c2b6-4751-85e6-06fdc2f23043,98:8cc1801f02259a1811e23edf91ce32b6};{"N",180.6};{"N",180.6};{"#",de681bef-7b2a-42e5-a126-f4a04369411f,170:00000000000000000000000000000000};{"N",90.3};{"N",0};{"N",0};{"N",0};{"#",5e26518e-b532-48a7-a61c-5be94217aec2,130:00000000000000000000000000000000}
{"#",90934666-83d0-4ca4-8538-3049224a0ae1,64:8cc1801f02259a1811e23edf91ce32bd};{"#",90934666-83d0-4ca4-8538-3049224a0ae1,64:00000000000000000000000000000000};{"#",e9ae4cc7-0f1d-47c7-ad80-d1afc972ee5d,72:a79841ebe5e5b977449b6bced05404a0};{"N",1};{"N",0};{"N",1};{"N",1};{"#",44a01d39-c2b6-4751-85e6-06fdc2f23043,98:8cc1801f02259a1811e23edf91ce32bc};{"N",90.3};{"N",90.3};{"#",de681bef-7b2a-42e5-a126-f4a04369411f,170:00000000000000000000000000000000};{"N",90.3};{"N",0};{"N",0};{"N",0};{"#",5e26518e-b532-48a7-a61c-5be94217aec2,130:00000000000000000000000000000000}
{"#",90934666-83d0-4ca4-8538-3049224a0ae1,64:8cc1801f02259a1811e23edf91ce32bf};{"#",90934666-83d0-4ca4-8538-3049224a0ae1,64:00000000000000000000000000000000};{"#",e9ae4cc7-0f1d-47c7-ad80-d1afc972ee5d,72:a79841ebe5e5b977449b6bced05404a0};{"N",5};{"N",0};{"N",5};{"N",1};{"#",44a01d39-c2b6-4751-85e6-06fdc2f23043,98:8cc1801f02259a1811e23edf91ce32be};{"N",451.5};{"N",451.5};{"#",de681bef-7b2a-42e5-a126-f4a04369411f,170:00000000000000000000000000000000};{"N",90.3};{"N",0};{"N",0};{"N",0};{"#",5e26518e-b532-48a7-a61c-5be94217aec2,130:00000000000000000000000000000000}
{"#",90934666-83d0-4ca4-8538-3049224a0ae1,64:8cc1801f02259a1811e23edf91ce32c1};{"#",90934666-83d0-4ca4-8538-3049224a0ae1,64:00000000000000000000000000000000};{"#",e9ae4cc7-0f1d-47c7-ad80-d1afc972ee5d,72:a79841ebe5e5b977449b6bced05404a0};{"N",4};{"N",0};{"N",4};{"N",1};{"#",44a01d39-c2b6-4751-85e6-06fdc2f23043,98:8cc1801f02259a1811e23edf91ce32c0};{"N",260};{"N",260};{"#",de681bef-7b2a-42e5-a126-f4a04369411f,170:00000000000000000000000000000000};{"N",65};{"N",0};{"N",0};{"N",0};{"#",5e26518e-b532-48a7-a61c-5be94217aec2,130:00000000000000000000000000000000}
{"#",90934666-83d0-4ca4-8538-3049224a0ae1,64:8cc1801f02259a1811e2403b86ef77b4};{"#",90934666-83d0-4ca4-8538-3049224a0ae1,64:00000000000000000000000000000000};{"#",e9ae4cc7-0f1d-47c7-ad80-d1afc972ee5d,72:a79841ebe5e5b977449b6bced05404a0};{"N",4};{"N",0};{"N",5};{"N",1};{"#",44a01d39-c2b6-4751-85e6-06fdc2f23043,98:8cc1801f02259a1811e2403b86ef77b3};{"N",140};{"N",175};{"#",de681bef-7b2a-42e5-a126-f4a04369411f,170:00000000000000000000000000000000};{"N",35};{"N",0};{"N",0};{"N",0};{"#",5e26518e-b532-48a7-a61c-5be94217aec2,130:00000000000000000000000000000000}
{"#",90934666-83d0-4ca4-8538-3049224a0ae1,64:8ffb801f02259a1811e26c5c2e6fcd7f};{"#",90934666-83d0-4ca4-8538-3049224a0ae1,64:00000000000000000000000000000000};{"#",e9ae4cc7-0f1d-47c7-ad80-d1afc972ee5d,72:a79841ebe5e5b977449b6bced05404a0};{"N",2};{"N",0};{"N",2};{"N",1};{"#",44a01d39-c2b6-4751-85e6-06fdc2f23043,98:8ffb801f02259a1811e26c5c2e6fcd7e};{"N",68.04};{"N",68.04};{"#",de681bef-7b2a-42e5-a126-f4a04369411f,170:00000000000000000000000000000000};{"N",34.02};{"N",0};{"N",0};{"N",0};{"#",5e26518e-b532-48a7-a61c-5be94217aec2,130:00000000000000000000000000000000}
{"#",90934666-83d0-4ca4-8538-3049224a0ae1,64:8ffb801f02259a1811e26c5c2e6fcd81};{"#",90934666-83d0-4ca4-8538-3049224a0ae1,64:00000000000000000000000000000000};{"#",e9ae4cc7-0f1d-47c7-ad80-d1afc972ee5d,72:a79841ebe5e5b977449b6bced05404a0};{"N",1};{"N",0};{"N",1};{"N",1};{"#",44a01d39-c2b6-4751-85e6-06fdc2f23043,98:8ffb801f02259a1811e26c5c2e6fcd80};{"N",18.9};{"N",18.9};{"#",de681bef-7b2a-42e5-a126-f4a04369411f,170:00000000000000000000000000000000};{"N",18.9};{"N",0};{"N",0};{"N",0};{"#",5e26518e-b532-48a7-a61c-5be94217aec2,130:00000000000000000000000000000000}
{"#",90934666-83d0-4ca4-8538-3049224a0ae1,64:8ffb801f02259a1811e26c5c2e6fcd83};{"#",90934666-83d0-4ca4-8538-3049224a0ae1,64:00000000000000000000000000000000};{"#",e9ae4cc7-0f1d-47c7-ad80-d1afc972ee5d,72:a79841ebe5e5b977449b6bced05404a0};{"N",4};{"N",0};{"N",4};{"N",1};{"#",44a01d39-c2b6-4751-85e6-06fdc2f23043,98:8ffb801f02259a1811e26c5c2e6fcd82};{"N",75.6};{"N",75.6};{"#",de681bef-7b2a-42e5-a126-f4a04369411f,170:00000000000000000000000000000000};{"N",18.9};{"N",0};{"N",0};{"N",0};{"#",5e26518e-b532-48a7-a61c-5be94217aec2,130:00000000000000000000000000000000}
{"#",90934666-83d0-4ca4-8538-3049224a0ae1,64:8ffb801f02259a1811e26c5c2e6fcd85};{"#",90934666-83d0-4ca4-8538-3049224a0ae1,64:00000000000000000000000000000000};{"#",e9ae4cc7-0f1d-47c7-ad80-d1afc972ee5d,72:a79841ebe5e5b977449b6bced05404a0};{"N",3};{"N",0};{"N",3};{"N",1};{"#",44a01d39-c2b6-4751-85e6-06fdc2f23043,98:8ffb801f02259a1811e26c5c2e6fcd84};{"N",102.06};{"N",102.06};{"#",de681bef-7b2a-42e5-a126-f4a04369411f,170:00000000000000000000000000000000};{"N",34.02};{"N",0};{"N",0};{"N",0};{"#",5e26518e-b532-48a7-a61c-5be94217aec2,130:00000000000000000000000000000000}
{"#",90934666-83d0-4ca4-8538-3049224a0ae1,64:936e009c029a0d5911e92946847137b8};{"#",90934666-83d0-4ca4-8538-3049224a0ae1,64:00000000000000000000000000000000};{"#",e9ae4cc7-0f1d-47c7-ad80-d1afc972ee5d,72:a79841ebe5e5b977449b6bced05404a0};{"N",1};{"N",0};{"N",1};{"N",1};{"#",44a01d39-c2b6-4751-85e6-06fdc2f23043,98:936e009c029a0d5911e92946847137b7};{"N",40};{"N",40};{"#",de681bef-7b2a-42e5-a126-f4a04369411f,170:00000000000000000000000000000000};{"N",40};{"N",0};{"N",0};{"N",0};{"#",5e26518e-b532-48a7-a61c-5be94217aec2,130:00000000000000000000000000000000}
{"#",90934666-83d0-4ca4-8538-3049224a0ae1,64:936e009c029a0d5911e929486bce3512};{"#",90934666-83d0-4ca4-8538-3049224a0ae1,64:00000000000000000000000000000000};{"#",e9ae4cc7-0f1d-47c7-ad80-d1afc972ee5d,72:a79841ebe5e5b977449b6bced05404a0};{"N",1};{"N",0};{"N",2};{"N",1};{"#",44a01d39-c2b6-4751-85e6-06fdc2f23043,98:936e009c029a0d5911e929486bce3511};{"N",42};{"N",84};{"#",de681bef-7b2a-42e5-a126-f4a04369411f,170:00000000000000000000000000000000};{"N",42};{"N",0};{"N",0};{"N",0};{"#",5e26518e-b532-48a7-a61c-5be94217aec2,130:00000000000000000000000000000000}
{"#",90934666-83d0-4ca4-8538-3049224a0ae1,64:9c39009c029a0d5911ea65cd0fc5a0c1};{"#",90934666-83d0-4ca4-8538-3049224a0ae1,64:00000000000000000000000000000000};{"#",e9ae4cc7-0f1d-47c7-ad80-d1afc972ee5d,72:a79841ebe5e5b977449b6bced05404a0};{"N",2};{"N",0};{"N",2};{"N",1};{"#",44a01d39-c2b6-4751-85e6-06fdc2f23043,98:9c39009c029a0d5911ea65cd0fc5a0c0};{"N",50};{"N",50};{"#",de681bef-7b2a-42e5-a126-f4a04369411f,170:00000000000000000000000000000000};{"N",25};{"N",0};{"N",0};{"N",0};{"#",5e26518e-b532-48a7-a61c-5be94217aec2,130:00000000000000000000000000000000}
{"#",90934666-83d0-4ca4-8538-3049224a0ae1,64:9c39009c029a0d5911ea65d4ac635a4e};{"#",90934666-83d0-4ca4-8538-3049224a0ae1,64:00000000000000000000000000000000};{"#",e9ae4cc7-0f1d-47c7-ad80-d1afc972ee5d,72:a79841ebe5e5b977449b6bced05404a0};{"N",5};{"N",0};{"N",5};{"N",1};{"#",44a01d39-c2b6-4751-85e6-06fdc2f23043,98:9c39009c029a0d5911ea65d4ac635a4d};{"N",393.75};{"N",393.75};{"#",de681bef-7b2a-42e5-a126-f4a04369411f,170:00000000000000000000000000000000};{"N",78.75};{"N",0};{"N",0};{"N",0};{"#",5e26518e-b532-48a7-a61c-5be94217aec2,130:00000000000000000000000000000000}
{"#",90934666-83d0-4ca4-8538-3049224a0ae1,64:9c39009c029a0d5911ea65d57d3f579a};{"#",90934666-83d0-4ca4-8538-3049224a0ae1,64:00000000000000000000000000000000};{"#",e9ae4cc7-0f1d-47c7-ad80-d1afc972ee5d,72:a79841ebe5e5b977449b6bced05404a0};{"N",3};{"N",0};{"N",3};{"N",1};{"#",44a01d39-c2b6-4751-85e6-06fdc2f23043,98:9c39009c029a0d5911ea65d57d3f5799};{"N",108};{"N",108};{"#",de681bef-7b2a-42e5-a126-f4a04369411f,170:00000000000000000000000000000000};{"N",36};{"N",0};{"N",0};{"N",0};{"#",5e26518e-b532-48a7-a61c-5be94217aec2,130:00000000000000000000000000000000}
{"#",90934666-83d0-4ca4-8538-3049224a0ae1,64:9c39009c029a0d5911ea65d590ee98be};{"#",90934666-83d0-4ca4-8538-3049224a0ae1,64:00000000000000000000000000000000};{"#",e9ae4cc7-0f1d-47c7-ad80-d1afc972ee5d,72:a79841ebe5e5b977449b6bced05404a0};{"N",2};{"N",0};{"N",3};{"N",1};{"#",44a01d39-c2b6-4751-85e6-06fdc2f23043,98:9c39009c029a0d5911ea65d590ee98bd};{"N",72};{"N",108};{"#",de681bef-7b2a-42e5-a126-f4a04369411f,170:00000000000000000000000000000000};{"N",36};{"N",0};{"N",0};{"N",0};{"#",5e26518e-b532-48a7-a61c-5be94217aec2,130:00000000000000000000000000000000}
{"#",90934666-83d0-4ca4-8538-3049224a0ae1,64:9c39009c029a0d5911ea65d6003e11ad};{"#",90934666-83d0-4ca4-8538-3049224a0ae1,64:00000000000000000000000000000000};{"#",e9ae4cc7-0f1d-47c7-ad80-d1afc972ee5d,72:a79841ebe5e5b977449b6bced05404a0};{"N",5};{"N",0};{"N",5};{"N",1};{"#",44a01d39-c2b6-4751-85e6-06fdc2f23043,98:9c39009c029a0d5911ea65d6003e11ac};{"N",183.75};{"N",183.75};{"#",de681bef-7b2a-42e5-a126-f4a04369411f,170:00000000000000000000000000000000};{"N",36.75};{"N",0};{"N",0};{"N",0};{"#",5e26518e-b532-48a7-a61c-5be94217aec2,130:00000000000000000000000000000000}
{"#",90934666-83d0-4ca4-8538-3049224a0ae1,64:9c39009c029a0d5911ea65d6d3d844e8};{"#",90934666-83d0-4ca4-8538-3049224a0ae1,64:00000000000000000000000000000000};{"#",e9ae4cc7-0f1d-47c7-ad80-d1afc972ee5d,72:a79841ebe5e5b977449b6bced05404a0};{"N",4};{"N",0};{"N",4};{"N",1};{"#",44a01d39-c2b6-4751-85e6-06fdc2f23043,98:9c39009c029a0d5911ea65d6d3d844e7};{"N",147};{"N",147};{"#",de681bef-7b2a-42e5-a126-f4a04369411f,170:00000000000000000000000000000000};{"N",36.75};{"N",0};{"N",0};{"N",0};{"#",5e26518e-b532-48a7-a61c-5be94217aec2,130:00000000000000000000000000000000}
{"#",90934666-83d0-4ca4-8538-3049224a0ae1,64:9c39009c029a0d5911ea65d6e52625c6};{"#",90934666-83d0-4ca4-8538-3049224a0ae1,64:00000000000000000000000000000000};{"#",e9ae4cc7-0f1d-47c7-ad80-d1afc972ee5d,72:a79841ebe5e5b977449b6bced05404a0};{"N",3};{"N",0};{"N",5};{"N",1};{"#",44a01d39-c2b6-4751-85e6-06fdc2f23043,98:9c39009c029a0d5911ea65d6e52625c5};{"N",110.25};{"N",183.75};{"#",de681bef-7b2a-42e5-a126-f4a04369411f,170:00000000000000000000000000000000};{"N",36.75};{"N",0};{"N",0};{"N",0};{"#",5e26518e-b532-48a7-a61c-5be94217aec2,130:00000000000000000000000000000000}
{"#",90934666-83d0-4ca4-8538-3049224a0ae1,64:9c39009c029a0d5911ea65d6fbc33861};{"#",90934666-83d0-4ca4-8538-3049224a0ae1,64:00000000000000000000000000000000};{"#",e9ae4cc7-0f1d-47c7-ad80-d1afc972ee5d,72:a79841ebe5e5b977449b6bced05404a0};{"N",3};{"N",0};{"N",4};{"N",1};{"#",44a01d39-c2b6-4751-85e6-06fdc2f23043,98:9c39009c029a0d5911ea65d6fbc33860};{"N",110.25};{"N",147};{"#",de681bef-7b2a-42e5-a126-f4a04369411f,170:00000000000000000000000000000000};{"N",36.75};{"N",0};{"N",0};{"N",0};{"#",5e26518e-b532-48a7-a61c-5be94217aec2,130:00000000000000000000000000000000}
{"#",90934666-83d0-4ca4-8538-3049224a0ae1,64:9c39009c029a0d5911ea65d75443a1d1};{"#",90934666-83d0-4ca4-8538-3049224a0ae1,64:00000000000000000000000000000000};{"#",e9ae4cc7-0f1d-47c7-ad80-d1afc972ee5d,72:a79841ebe5e5b977449b6bced05404a0};{"N",5};{"N",0};{"N",4};{"N",1};{"#",44a01d39-c2b6-4751-85e6-06fdc2f23043,98:9c39009c029a0d5911ea65d75443a1d0};{"N",232.5};{"N",186};{"#",de681bef-7b2a-42e5-a126-f4a04369411f,170:00000000000000000000000000000000};{"N",46.5};{"N",0};{"N",0};{"N",0};{"#",5e26518e-b532-48a7-a61c-5be94217aec2,130:00000000000000000000000000000000}
{"#",90934666-83d0-4ca4-8538-3049224a0ae1,64:9c39009c029a0d5911ea65d76facfa78};{"#",90934666-83d0-4ca4-8538-3049224a0ae1,64:00000000000000000000000000000000};{"#",e9ae4cc7-0f1d-47c7-ad80-d1afc972ee5d,72:a79841ebe5e5b977449b6bced05404a0};{"N",4};{"N",0};{"N",4};{"N",1};{"#",44a01d39-c2b6-4751-85e6-06fdc2f23043,98:9c39009c029a0d5911ea65d76facfa77};{"N",186};{"N",186};{"#",de681bef-7b2a-42e5-a126-f4a04369411f,170:00000000000000000000000000000000};{"N",46.5};{"N",0};{"N",0};{"N",0};{"#",5e26518e-b532-48a7-a61c-5be94217aec2,130:00000000000000000000000000000000}
{"#",90934666-83d0-4ca4-8538-3049224a0ae1,64:9c39009c029a0d5911ea65d786e4c685};{"#",90934666-83d0-4ca4-8538-3049224a0ae1,64:00000000000000000000000000000000};{"#",e9ae4cc7-0f1d-47c7-ad80-d1afc972ee5d,72:a79841ebe5e5b977449b6bced05404a0};{"N",1};{"N",0};{"N",1};{"N",1};{"#",44a01d39-c2b6-4751-85e6-06fdc2f23043,98:9c39009c029a0d5911ea65d786e4c684};{"N",46.5};{"N",46.5};{"#",de681bef-7b2a-42e5-a126-f4a04369411f,170:00000000000000000000000000000000};{"N",46.5};{"N",0};{"N",0};{"N",0};{"#",5e26518e-b532-48a7-a61c-5be94217aec2,130:00000000000000000000000000000000}
{"#",90934666-83d0-4ca4-8538-3049224a0ae1,64:9c39009c029a0d5911ea65d791f0a94b};{"#",90934666-83d0-4ca4-8538-3049224a0ae1,64:00000000000000000000000000000000};{"#",e9ae4cc7-0f1d-47c7-ad80-d1afc972ee5d,72:a79841ebe5e5b977449b6bced05404a0};{"N",5};{"N",0};{"N",5};{"N",1};{"#",44a01d39-c2b6-4751-85e6-06fdc2f23043,98:9c39009c029a0d5911ea65d791f0a94a};{"N",232.5};{"N",232.5};{"#",de681bef-7b2a-42e5-a126-f4a04369411f,170:00000000000000000000000000000000};{"N",46.5};{"N",0};{"N",0};{"N",0};{"#",5e26518e-b532-48a7-a61c-5be94217aec2,130:00000000000000000000000000000000}
{"#",90934666-83d0-4ca4-8538-3049224a0ae1,64:9c39009c029a0d5911ea65d90198b31c};{"#",90934666-83d0-4ca4-8538-3049224a0ae1,64:00000000000000000000000000000000};{"#",e9ae4cc7-0f1d-47c7-ad80-d1afc972ee5d,72:a79841ebe5e5b977449b6bced05404a0};{"N",5};{"N",0};{"N",5};{"N",1};{"#",44a01d39-c2b6-4751-85e6-06fdc2f23043,98:9c39009c029a0d5911ea65d90198b31b};{"N",232.5};{"N",232.5};{"#",de681bef-7b2a-42e5-a126-f4a04369411f,170:00000000000000000000000000000000};{"N",46.5};{"N",0};{"N",0};{"N",0};{"#",5e26518e-b532-48a7-a61c-5be94217aec2,130:00000000000000000000000000000000}
{"#",90934666-83d0-4ca4-8538-3049224a0ae1,64:9fcf801f02259a1811e23ea8d9027647};{"#",90934666-83d0-4ca4-8538-3049224a0ae1,64:00000000000000000000000000000000};{"#",e9ae4cc7-0f1d-47c7-ad80-d1afc972ee5d,72:a79841ebe5e5b977449b6bced05404a0};{"N",4};{"N",0};{"N",4};{"N",1};{"#",44a01d39-c2b6-4751-85e6-06fdc2f23043,98:9fcf801f02259a1811e23ea8d9027646};{"N",140};{"N",140};{"#",de681bef-7b2a-42e5-a126-f4a04369411f,170:00000000000000000000000000000000};{"N",35};{"N",0};{"N",0};{"N",0};{"#",5e26518e-b532-48a7-a61c-5be94217aec2,130:00000000000000000000000000000000}
{"#",90934666-83d0-4ca4-8538-3049224a0ae1,64:9fcf801f02259a1811e23ea8d9027649};{"#",90934666-83d0-4ca4-8538-3049224a0ae1,64:00000000000000000000000000000000};{"#",e9ae4cc7-0f1d-47c7-ad80-d1afc972ee5d,72:a79841ebe5e5b977449b6bced05404a0};{"N",5};{"N",0};{"N",5};{"N",1};{"#",44a01d39-c2b6-4751-85e6-06fdc2f23043,98:9fcf801f02259a1811e23ea8d9027648};{"N",175};{"N",175};{"#",de681bef-7b2a-42e5-a126-f4a04369411f,170:00000000000000000000000000000000};{"N",35};{"N",0};{"N",0};{"N",0};{"#",5e26518e-b532-48a7-a61c-5be94217aec2,130:00000000000000000000000000000000}
{"#",90934666-83d0-4ca4-8538-3049224a0ae1,64:9fcf801f02259a1811e23ea8d902764b};{"#",90934666-83d0-4ca4-8538-3049224a0ae1,64:00000000000000000000000000000000};{"#",e9ae4cc7-0f1d-47c7-ad80-d1afc972ee5d,72:a79841ebe5e5b977449b6bced05404a0};{"N",4};{"N",0};{"N",4};{"N",1};{"#",44a01d39-c2b6-4751-85e6-06fdc2f23043,98:9fcf801f02259a1811e23ea8d902764a};{"N",140};{"N",140};{"#",de681bef-7b2a-42e5-a126-f4a04369411f,170:00000000000000000000000000000000};{"N",35};{"N",0};{"N",0};{"N",0};{"#",5e26518e-b532-48a7-a61c-5be94217aec2,130:00000000000000000000000000000000}
{"#",90934666-83d0-4ca4-8538-3049224a0ae1,64:9fcf801f02259a1811e23ea8d902764d};{"#",90934666-83d0-4ca4-8538-3049224a0ae1,64:00000000000000000000000000000000};{"#",e9ae4cc7-0f1d-47c7-ad80-d1afc972ee5d,72:a79841ebe5e5b977449b6bced05404a0};{"N",5};{"N",0};{"N",5};{"N",1};{"#",44a01d39-c2b6-4751-85e6-06fdc2f23043,98:9fcf801f02259a1811e23ea8d902764c};{"N",175};{"N",175};{"#",de681bef-7b2a-42e5-a126-f4a04369411f,170:00000000000000000000000000000000};{"N",35};{"N",0};{"N",0};{"N",0};{"#",5e26518e-b532-48a7-a61c-5be94217aec2,130:00000000000000000000000000000000}
{"#",90934666-83d0-4ca4-8538-3049224a0ae1,64:9fcf801f02259a1811e23ea8d9027653};{"#",90934666-83d0-4ca4-8538-3049224a0ae1,64:00000000000000000000000000000000};{"#",e9ae4cc7-0f1d-47c7-ad80-d1afc972ee5d,72:a79841ebe5e5b977449b6bced05404a0};{"N",5};{"N",0};{"N",5};{"N",1};{"#",44a01d39-c2b6-4751-85e6-06fdc2f23043,98:9fcf801f02259a1811e23ea8d9027652};{"N",341.25};{"N",341.25};{"#",de681bef-7b2a-42e5-a126-f4a04369411f,170:00000000000000000000000000000000};{"N",68.25};{"N",0};{"N",0};{"N",0};{"#",5e26518e-b532-48a7-a61c-5be94217aec2,130:00000000000000000000000000000000}
{"#",90934666-83d0-4ca4-8538-3049224a0ae1,64:9fcf801f02259a1811e23ea8d9027657};{"#",90934666-83d0-4ca4-8538-3049224a0ae1,64:00000000000000000000000000000000};{"#",e9ae4cc7-0f1d-47c7-ad80-d1afc972ee5d,72:a79841ebe5e5b977449b6bced05404a0};{"N",5};{"N",0};{"N",4};{"N",1};{"#",44a01d39-c2b6-4751-85e6-06fdc2f23043,98:9fcf801f02259a1811e23ea8d9027656};{"N",341.25};{"N",273};{"#",de681bef-7b2a-42e5-a126-f4a04369411f,170:00000000000000000000000000000000};{"N",68.25};{"N",0};{"N",0};{"N",0};{"#",5e26518e-b532-48a7-a61c-5be94217aec2,130:00000000000000000000000000000000}
{"#",90934666-83d0-4ca4-8538-3049224a0ae1,64:9fcf801f02259a1811e23ea8d902765d};{"#",90934666-83d0-4ca4-8538-3049224a0ae1,64:00000000000000000000000000000000};{"#",e9ae4cc7-0f1d-47c7-ad80-d1afc972ee5d,72:a79841ebe5e5b977449b6bced05404a0};{"N",5};{"N",0};{"N",5};{"N",1};{"#",44a01d39-c2b6-4751-85e6-06fdc2f23043,98:9fcf801f02259a1811e23ea8d902765c};{"N",341.25};{"N",341.25};{"#",de681bef-7b2a-42e5-a126-f4a04369411f,170:00000000000000000000000000000000};{"N",68.25};{"N",0};{"N",0};{"N",0};{"#",5e26518e-b532-48a7-a61c-5be94217aec2,130:00000000000000000000000000000000}
{"#",90934666-83d0-4ca4-8538-3049224a0ae1,64:9fcf801f02259a1811e23ea8d902765f};{"#",90934666-83d0-4ca4-8538-3049224a0ae1,64:00000000000000000000000000000000};{"#",e9ae4cc7-0f1d-47c7-ad80-d1afc972ee5d,72:a79841ebe5e5b977449b6bced05404a0};{"N",1};{"N",0};{"N",2};{"N",1};{"#",44a01d39-c2b6-4751-85e6-06fdc2f23043,98:9fcf801f02259a1811e23ea8d902765e};{"N",65};{"N",130};{"#",de681bef-7b2a-42e5-a126-f4a04369411f,170:00000000000000000000000000000000};{"N",65};{"N",0};{"N",0};{"N",0};{"#",5e26518e-b532-48a7-a61c-5be94217aec2,130:00000000000000000000000000000000}
{"#",90934666-83d0-4ca4-8538-3049224a0ae1,64:9fcf801f02259a1811e23ea8d9027661};{"#",90934666-83d0-4ca4-8538-3049224a0ae1,64:00000000000000000000000000000000};{"#",e9ae4cc7-0f1d-47c7-ad80-d1afc972ee5d,72:a79841ebe5e5b977449b6bced05404a0};{"N",5};{"N",0};{"N",5};{"N",1};{"#",44a01d39-c2b6-4751-85e6-06fdc2f23043,98:9fcf801f02259a1811e23ea8d9027660};{"N",325};{"N",325};{"#",de681bef-7b2a-42e5-a126-f4a04369411f,170:00000000000000000000000000000000};{"N",65};{"N",0};{"N",0};{"N",0};{"#",5e26518e-b532-48a7-a61c-5be94217aec2,130:00000000000000000000000000000000}
{"#",90934666-83d0-4ca4-8538-3049224a0ae1,64:9fcf801f02259a1811e23ea8d9027663};{"#",90934666-83d0-4ca4-8538-3049224a0ae1,64:00000000000000000000000000000000};{"#",e9ae4cc7-0f1d-47c7-ad80-d1afc972ee5d,72:a79841ebe5e5b977449b6bced05404a0};{"N",4};{"N",0};{"N",4};{"N",1};{"#",44a01d39-c2b6-4751-85e6-06fdc2f23043,98:9fcf801f02259a1811e23ea8d9027662};{"N",260};{"N",260};{"#",de681bef-7b2a-42e5-a126-f4a04369411f,170:00000000000000000000000000000000};{"N",65};{"N",0};{"N",0};{"N",0};{"#",5e26518e-b532-48a7-a61c-5be94217aec2,130:00000000000000000000000000000000}
{"#",90934666-83d0-4ca4-8538-3049224a0ae1,64:9fcf801f02259a1811e23ea8d9027665};{"#",90934666-83d0-4ca4-8538-3049224a0ae1,64:00000000000000000000000000000000};{"#",e9ae4cc7-0f1d-47c7-ad80-d1afc972ee5d,72:a79841ebe5e5b977449b6bced05404a0};{"N",4};{"N",0};{"N",4};{"N",1};{"#",44a01d39-c2b6-4751-85e6-06fdc2f23043,98:9fcf801f02259a1811e23ea8d9027664};{"N",260};{"N",260};{"#",de681bef-7b2a-42e5-a126-f4a04369411f,170:00000000000000000000000000000000};{"N",65};{"N",0};{"N",0};{"N",0};{"#",5e26518e-b532-48a7-a61c-5be94217aec2,130:00000000000000000000000000000000}
{"#",90934666-83d0-4ca4-8538-3049224a0ae1,64:9fcf801f02259a1811e23ea8d9027667};{"#",90934666-83d0-4ca4-8538-3049224a0ae1,64:00000000000000000000000000000000};{"#",e9ae4cc7-0f1d-47c7-ad80-d1afc972ee5d,72:a79841ebe5e5b977449b6bced05404a0};{"N",5};{"N",0};{"N",5};{"N",1};{"#",44a01d39-c2b6-4751-85e6-06fdc2f23043,98:9fcf801f02259a1811e23ea8d9027666};{"N",325};{"N",325};{"#",de681bef-7b2a-42e5-a126-f4a04369411f,170:00000000000000000000000000000000};{"N",65};{"N",0};{"N",0};{"N",0};{"#",5e26518e-b532-48a7-a61c-5be94217aec2,130:00000000000000000000000000000000}
{"#",90934666-83d0-4ca4-8538-3049224a0ae1,64:9fcf801f02259a1811e23ea8d9027669};{"#",90934666-83d0-4ca4-8538-3049224a0ae1,64:00000000000000000000000000000000};{"#",e9ae4cc7-0f1d-47c7-ad80-d1afc972ee5d,72:a79841ebe5e5b977449b6bced05404a0};{"N",3};{"N",0};{"N",4};{"N",1};{"#",44a01d39-c2b6-4751-85e6-06fdc2f23043,98:9fcf801f02259a1811e23ea8d9027668};{"N",195};{"N",260};{"#",de681bef-7b2a-42e5-a126-f4a04369411f,170:00000000000000000000000000000000};{"N",65};{"N",0};{"N",0};{"N",0};{"#",5e26518e-b532-48a7-a61c-5be94217aec2,130:00000000000000000000000000000000}
{"#",90934666-83d0-4ca4-8538-3049224a0ae1,64:9fcf801f02259a1811e23ea8d902766d};{"#",90934666-83d0-4ca4-8538-3049224a0ae1,64:00000000000000000000000000000000};{"#",e9ae4cc7-0f1d-47c7-ad80-d1afc972ee5d,72:a79841ebe5e5b977449b6bced05404a0};{"N",5};{"N",0};{"N",5};{"N",1};{"#",44a01d39-c2b6-4751-85e6-06fdc2f23043,98:9fcf801f02259a1811e23ea8d902766c};{"N",325};{"N",325};{"#",de681bef-7b2a-42e5-a126-f4a04369411f,170:00000000000000000000000000000000};{"N",65};{"N",0};{"N",0};{"N",0};{"#",5e26518e-b532-48a7-a61c-5be94217aec2,130:00000000000000000000000000000000}
{"#",90934666-83d0-4ca4-8538-3049224a0ae1,64:9fcf801f02259a1811e23ea8d9027671};{"#",90934666-83d0-4ca4-8538-3049224a0ae1,64:00000000000000000000000000000000};{"#",e9ae4cc7-0f1d-47c7-ad80-d1afc972ee5d,72:a79841ebe5e5b977449b6bced05404a0};{"N",2};{"N",0};{"N",2};{"N",1};{"#",44a01d39-c2b6-4751-85e6-06fdc2f23043,98:9fcf801f02259a1811e23ea8d9027670};{"N",130};{"N",130};{"#",de681bef-7b2a-42e5-a126-f4a04369411f,170:00000000000000000000000000000000};{"N",65};{"N",0};{"N",0};{"N",0};{"#",5e26518e-b532-48a7-a61c-5be94217aec2,130:00000000000000000000000000000000}
{"#",90934666-83d0-4ca4-8538-3049224a0ae1,64:9fcf801f02259a1811e23ea8d9027673};{"#",90934666-83d0-4ca4-8538-3049224a0ae1,64:00000000000000000000000000000000};{"#",e9ae4cc7-0f1d-47c7-ad80-d1afc972ee5d,72:a79841ebe5e5b977449b6bced05404a0};{"N",5};{"N",0};{"N",5};{"N",1};{"#",44a01d39-c2b6-4751-85e6-06fdc2f23043,98:9fcf801f02259a1811e23ea8d9027672};{"N",325};{"N",325};{"#",de681bef-7b2a-42e5-a126-f4a04369411f,170:00000000000000000000000000000000};{"N",65};{"N",0};{"N",0};{"N",0};{"#",5e26518e-b532-48a7-a61c-5be94217aec2,130:00000000000000000000000000000000}
{"#",90934666-83d0-4ca4-8538-3049224a0ae1,64:9fcf801f02259a1811e23ea8d9027675};{"#",90934666-83d0-4ca4-8538-3049224a0ae1,64:00000000000000000000000000000000};{"#",e9ae4cc7-0f1d-47c7-ad80-d1afc972ee5d,72:a79841ebe5e5b977449b6bced05404a0};{"N",4};{"N",0};{"N",4};{"N",1};{"#",44a01d39-c2b6-4751-85e6-06fdc2f23043,98:9fcf801f02259a1811e23ea8d9027674};{"N",260};{"N",260};{"#",de681bef-7b2a-42e5-a126-f4a04369411f,170:00000000000000000000000000000000};{"N",65};{"N",0};{"N",0};{"N",0};{"#",5e26518e-b532-48a7-a61c-5be94217aec2,130:00000000000000000000000000000000}
{"#",90934666-83d0-4ca4-8538-3049224a0ae1,64:9fcf801f02259a1811e23ea8d9027677};{"#",90934666-83d0-4ca4-8538-3049224a0ae1,64:00000000000000000000000000000000};{"#",e9ae4cc7-0f1d-47c7-ad80-d1afc972ee5d,72:a79841ebe5e5b977449b6bced05404a0};{"N",3};{"N",0};{"N",3};{"N",1};{"#",44a01d39-c2b6-4751-85e6-06fdc2f23043,98:9fcf801f02259a1811e23ea8d9027676};{"N",258};{"N",258};{"#",de681bef-7b2a-42e5-a126-f4a04369411f,170:00000000000000000000000000000000};{"N",86};{"N",0};{"N",0};{"N",0};{"#",5e26518e-b532-48a7-a61c-5be94217aec2,130:00000000000000000000000000000000}
{"#",90934666-83d0-4ca4-8538-3049224a0ae1,64:9fcf801f02259a1811e23ea8d9027679};{"#",90934666-83d0-4ca4-8538-3049224a0ae1,64:00000000000000000000000000000000};{"#",e9ae4cc7-0f1d-47c7-ad80-d1afc972ee5d,72:a79841ebe5e5b977449b6bced05404a0};{"N",5};{"N",0};{"N",5};{"N",1};{"#",44a01d39-c2b6-4751-85e6-06fdc2f23043,98:9fcf801f02259a1811e23ea8d9027678};{"N",430};{"N",430};{"#",de681bef-7b2a-42e5-a126-f4a04369411f,170:00000000000000000000000000000000};{"N",86};{"N",0};{"N",0};{"N",0};{"#",5e26518e-b532-48a7-a61c-5be94217aec2,130:00000000000000000000000000000000}
{"#",90934666-83d0-4ca4-8538-3049224a0ae1,64:9fcf801f02259a1811e23ea8d902767b};{"#",90934666-83d0-4ca4-8538-3049224a0ae1,64:00000000000000000000000000000000};{"#",e9ae4cc7-0f1d-47c7-ad80-d1afc972ee5d,72:a79841ebe5e5b977449b6bced05404a0};{"N",3};{"N",0};{"N",2};{"N",1};{"#",44a01d39-c2b6-4751-85e6-06fdc2f23043,98:9fcf801f02259a1811e23ea8d902767a};{"N",258};{"N",172};{"#",de681bef-7b2a-42e5-a126-f4a04369411f,170:00000000000000000000000000000000};{"N",86};{"N",0};{"N",0};{"N",0};{"#",5e26518e-b532-48a7-a61c-5be94217aec2,130:00000000000000000000000000000000}
{"#",90934666-83d0-4ca4-8538-3049224a0ae1,64:9fcf801f02259a1811e23ea8d902767d};{"#",90934666-83d0-4ca4-8538-3049224a0ae1,64:00000000000000000000000000000000};{"#",e9ae4cc7-0f1d-47c7-ad80-d1afc972ee5d,72:a79841ebe5e5b977449b6bced05404a0};{"N",3};{"N",0};{"N",3};{"N",1};{"#",44a01d39-c2b6-4751-85e6-06fdc2f23043,98:9fcf801f02259a1811e23ea8d902767c};{"N",105};{"N",105};{"#",de681bef-7b2a-42e5-a126-f4a04369411f,170:00000000000000000000000000000000};{"N",35};{"N",0};{"N",0};{"N",0};{"#",5e26518e-b532-48a7-a61c-5be94217aec2,130:00000000000000000000000000000000}
{"#",90934666-83d0-4ca4-8538-3049224a0ae1,64:9fcf801f02259a1811e23ea8d902767f};{"#",90934666-83d0-4ca4-8538-3049224a0ae1,64:00000000000000000000000000000000};{"#",e9ae4cc7-0f1d-47c7-ad80-d1afc972ee5d,72:a79841ebe5e5b977449b6bced05404a0};{"N",4};{"N",0};{"N",4};{"N",1};{"#",44a01d39-c2b6-4751-85e6-06fdc2f23043,98:9fcf801f02259a1811e23ea8d902767e};{"N",140};{"N",140};{"#",de681bef-7b2a-42e5-a126-f4a04369411f,170:00000000000000000000000000000000};{"N",35};{"N",0};{"N",0};{"N",0};{"#",5e26518e-b532-48a7-a61c-5be94217aec2,130:00000000000000000000000000000000}
{"#",90934666-83d0-4ca4-8538-3049224a0ae1,64:9fcf801f02259a1811e23ea8d9027681};{"#",90934666-83d0-4ca4-8538-3049224a0ae1,64:00000000000000000000000000000000};{"#",e9ae4cc7-0f1d-47c7-ad80-d1afc972ee5d,72:a79841ebe5e5b977449b6bced05404a0};{"N",4};{"N",0};{"N",4};{"N",1};{"#",44a01d39-c2b6-4751-85e6-06fdc2f23043,98:9fcf801f02259a1811e23ea8d9027680};{"N",344};{"N",344};{"#",de681bef-7b2a-42e5-a126-f4a04369411f,170:00000000000000000000000000000000};{"N",86};{"N",0};{"N",0};{"N",0};{"#",5e26518e-b532-48a7-a61c-5be94217aec2,130:00000000000000000000000000000000}
{"#",90934666-83d0-4ca4-8538-3049224a0ae1,64:9fcf801f02259a1811e23ed0630d408f};{"#",90934666-83d0-4ca4-8538-3049224a0ae1,64:00000000000000000000000000000000};{"#",e9ae4cc7-0f1d-47c7-ad80-d1afc972ee5d,72:a79841ebe5e5b977449b6bced05404a0};{"N",5};{"N",0};{"N",5};{"N",1};{"#",44a01d39-c2b6-4751-85e6-06fdc2f23043,98:9fcf801f02259a1811e23ed0630d408e};{"N",183.75};{"N",183.75};{"#",de681bef-7b2a-42e5-a126-f4a04369411f,170:00000000000000000000000000000000};{"N",36.75};{"N",0};{"N",0};{"N",0};{"#",5e26518e-b532-48a7-a61c-5be94217aec2,130:00000000000000000000000000000000}
{"#",90934666-83d0-4ca4-8538-3049224a0ae1,64:9fcf801f02259a1811e23ed0630d4091};{"#",90934666-83d0-4ca4-8538-3049224a0ae1,64:00000000000000000000000000000000};{"#",e9ae4cc7-0f1d-47c7-ad80-d1afc972ee5d,72:a79841ebe5e5b977449b6bced05404a0};{"N",5};{"N",0};{"N",4};{"N",1};{"#",44a01d39-c2b6-4751-85e6-06fdc2f23043,98:9fcf801f02259a1811e23ed0630d4090};{"N",183.75};{"N",147};{"#",de681bef-7b2a-42e5-a126-f4a04369411f,170:00000000000000000000000000000000};{"N",36.75};{"N",0};{"N",0};{"N",0};{"#",5e26518e-b532-48a7-a61c-5be94217aec2,130:00000000000000000000000000000000}
{"#",90934666-83d0-4ca4-8538-3049224a0ae1,64:9fcf801f02259a1811e23ed0630d4093};{"#",90934666-83d0-4ca4-8538-3049224a0ae1,64:00000000000000000000000000000000};{"#",e9ae4cc7-0f1d-47c7-ad80-d1afc972ee5d,72:a79841ebe5e5b977449b6bced05404a0};{"N",4};{"N",0};{"N",5};{"N",1};{"#",44a01d39-c2b6-4751-85e6-06fdc2f23043,98:9fcf801f02259a1811e23ed0630d4092};{"N",147};{"N",183.75};{"#",de681bef-7b2a-42e5-a126-f4a04369411f,170:00000000000000000000000000000000};{"N",36.75};{"N",0};{"N",0};{"N",0};{"#",5e26518e-b532-48a7-a61c-5be94217aec2,130:00000000000000000000000000000000}
{"#",90934666-83d0-4ca4-8538-3049224a0ae1,64:9fcf801f02259a1811e23ed0630d4095};{"#",90934666-83d0-4ca4-8538-3049224a0ae1,64:00000000000000000000000000000000};{"#",e9ae4cc7-0f1d-47c7-ad80-d1afc972ee5d,72:a79841ebe5e5b977449b6bced05404a0};{"N",5};{"N",0};{"N",5};{"N",1};{"#",44a01d39-c2b6-4751-85e6-06fdc2f23043,98:9fcf801f02259a1811e23ed0630d4094};{"N",210};{"N",210};{"#",de681bef-7b2a-42e5-a126-f4a04369411f,170:00000000000000000000000000000000};{"N",42};{"N",0};{"N",0};{"N",0};{"#",5e26518e-b532-48a7-a61c-5be94217aec2,130:00000000000000000000000000000000}
{"#",90934666-83d0-4ca4-8538-3049224a0ae1,64:9fcf801f02259a1811e23ed0630d4097};{"#",90934666-83d0-4ca4-8538-3049224a0ae1,64:00000000000000000000000000000000};{"#",e9ae4cc7-0f1d-47c7-ad80-d1afc972ee5d,72:a79841ebe5e5b977449b6bced05404a0};{"N",2};{"N",0};{"N",2};{"N",1};{"#",44a01d39-c2b6-4751-85e6-06fdc2f23043,98:9fcf801f02259a1811e23ed0630d4096};{"N",84};{"N",84};{"#",de681bef-7b2a-42e5-a126-f4a04369411f,170:00000000000000000000000000000000};{"N",42};{"N",0};{"N",0};{"N",0};{"#",5e26518e-b532-48a7-a61c-5be94217aec2,130:00000000000000000000000000000000}
{"#",90934666-83d0-4ca4-8538-3049224a0ae1,64:9fcf801f02259a1811e23ed0630d4099};{"#",90934666-83d0-4ca4-8538-3049224a0ae1,64:00000000000000000000000000000000};{"#",e9ae4cc7-0f1d-47c7-ad80-d1afc972ee5d,72:a79841ebe5e5b977449b6bced05404a0};{"N",5};{"N",0};{"N",5};{"N",1};{"#",44a01d39-c2b6-4751-85e6-06fdc2f23043,98:9fcf801f02259a1811e23ed0630d4098};{"N",210};{"N",210};{"#",de681bef-7b2a-42e5-a126-f4a04369411f,170:00000000000000000000000000000000};{"N",42};{"N",0};{"N",0};{"N",0};{"#",5e26518e-b532-48a7-a61c-5be94217aec2,130:00000000000000000000000000000000}
{"#",90934666-83d0-4ca4-8538-3049224a0ae1,64:9fcf801f02259a1811e23ed0630d409b};{"#",90934666-83d0-4ca4-8538-3049224a0ae1,64:00000000000000000000000000000000};{"#",e9ae4cc7-0f1d-47c7-ad80-d1afc972ee5d,72:a79841ebe5e5b977449b6bced05404a0};{"N",3};{"N",0};{"N",2};{"N",1};{"#",44a01d39-c2b6-4751-85e6-06fdc2f23043,98:9fcf801f02259a1811e23ed0630d409a};{"N",126};{"N",84};{"#",de681bef-7b2a-42e5-a126-f4a04369411f,170:00000000000000000000000000000000};{"N",42};{"N",0};{"N",0};{"N",0};{"#",5e26518e-b532-48a7-a61c-5be94217aec2,130:00000000000000000000000000000000}
{"#",90934666-83d0-4ca4-8538-3049224a0ae1,64:9fcf801f02259a1811e23ed0630d409d};{"#",90934666-83d0-4ca4-8538-3049224a0ae1,64:00000000000000000000000000000000};{"#",e9ae4cc7-0f1d-47c7-ad80-d1afc972ee5d,72:a79841ebe5e5b977449b6bced05404a0};{"N",5};{"N",0};{"N",2};{"N",1};{"#",44a01d39-c2b6-4751-85e6-06fdc2f23043,98:9fcf801f02259a1811e23ed0630d409c};{"N",210};{"N",84};{"#",de681bef-7b2a-42e5-a126-f4a04369411f,170:00000000000000000000000000000000};{"N",42};{"N",0};{"N",0};{"N",0};{"#",5e26518e-b532-48a7-a61c-5be94217aec2,130:00000000000000000000000000000000}
{"#",90934666-83d0-4ca4-8538-3049224a0ae1,64:9fcf801f02259a1811e23ed0630d40a1};{"#",90934666-83d0-4ca4-8538-3049224a0ae1,64:00000000000000000000000000000000};{"#",e9ae4cc7-0f1d-47c7-ad80-d1afc972ee5d,72:a79841ebe5e5b977449b6bced05404a0};{"N",5};{"N",0};{"N",5};{"N",1};{"#",44a01d39-c2b6-4751-85e6-06fdc2f23043,98:9fcf801f02259a1811e23ed0630d40a0};{"N",244.15};{"N",244.15};{"#",de681bef-7b2a-42e5-a126-f4a04369411f,170:00000000000000000000000000000000};{"N",48.83};{"N",0};{"N",0};{"N",0};{"#",5e26518e-b532-48a7-a61c-5be94217aec2,130:00000000000000000000000000000000}
{"#",90934666-83d0-4ca4-8538-3049224a0ae1,64:9fcf801f02259a1811e23ed0630d40a3};{"#",90934666-83d0-4ca4-8538-3049224a0ae1,64:00000000000000000000000000000000};{"#",e9ae4cc7-0f1d-47c7-ad80-d1afc972ee5d,72:a79841ebe5e5b977449b6bced05404a0};{"N",1};{"N",0};{"N",1};{"N",1};{"#",44a01d39-c2b6-4751-85e6-06fdc2f23043,98:9fcf801f02259a1811e23ed0630d40a2};{"N",48.83};{"N",48.83};{"#",de681bef-7b2a-42e5-a126-f4a04369411f,170:00000000000000000000000000000000};{"N",48.83};{"N",0};{"N",0};{"N",0};{"#",5e26518e-b532-48a7-a61c-5be94217aec2,130:00000000000000000000000000000000}
{"#",90934666-83d0-4ca4-8538-3049224a0ae1,64:9fcf801f02259a1811e23ed0630d40a5};{"#",90934666-83d0-4ca4-8538-3049224a0ae1,64:00000000000000000000000000000000};{"#",e9ae4cc7-0f1d-47c7-ad80-d1afc972ee5d,72:a79841ebe5e5b977449b6bced05404a0};{"N",5};{"N",0};{"N",5};{"N",1};{"#",44a01d39-c2b6-4751-85e6-06fdc2f23043,98:9fcf801f02259a1811e23ed0630d40a4};{"N",244.15};{"N",244.15};{"#",de681bef-7b2a-42e5-a126-f4a04369411f,170:00000000000000000000000000000000};{"N",48.83};{"N",0};{"N",0};{"N",0};{"#",5e26518e-b532-48a7-a61c-5be94217aec2,130:00000000000000000000000000000000}
{"#",90934666-83d0-4ca4-8538-3049224a0ae1,64:a9a6d43d7e95a4a111e355c90d09ba6f};{"#",90934666-83d0-4ca4-8538-3049224a0ae1,64:00000000000000000000000000000000};{"#",e9ae4cc7-0f1d-47c7-ad80-d1afc972ee5d,72:a79841ebe5e5b977449b6bced05404a0};{"N",2};{"N",0};{"N",2};{"N",1};{"#",44a01d39-c2b6-4751-85e6-06fdc2f23043,98:a9a6d43d7e95a4a111e355c90d09ba6d};{"N",37.8};{"N",37.8};{"#",de681bef-7b2a-42e5-a126-f4a04369411f,170:00000000000000000000000000000000};{"N",18.9};{"N",0};{"N",0};{"N",0};{"#",5e26518e-b532-48a7-a61c-5be94217aec2,130:00000000000000000000000000000000}
{"#",90934666-83d0-4ca4-8538-3049224a0ae1,64:b176009c029a0d5911e67a4c68de39ea};{"#",90934666-83d0-4ca4-8538-3049224a0ae1,64:00000000000000000000000000000000};{"#",e9ae4cc7-0f1d-47c7-ad80-d1afc972ee5d,72:a79841ebe5e5b977449b6bced05404a0};{"N",10};{"N",0};{"N",10};{"N",1};{"#",44a01d39-c2b6-4751-85e6-06fdc2f23043,98:b176009c029a0d5911e67a4c68de39e8};{"N",187.2};{"N",187.2};{"#",de681bef-7b2a-42e5-a126-f4a04369411f,170:00000000000000000000000000000000};{"N",18.72};{"N",0};{"N",0};{"N",0};{"#",5e26518e-b532-48a7-a61c-5be94217aec2,130:00000000000000000000000000000000}
{"#",90934666-83d0-4ca4-8538-3049224a0ae1,64:b422009c029a0d5911e65ebe4a379fb6};{"#",90934666-83d0-4ca4-8538-3049224a0ae1,64:00000000000000000000000000000000};{"#",e9ae4cc7-0f1d-47c7-ad80-d1afc972ee5d,72:a79841ebe5e5b977449b6bced05404a0};{"N",3};{"N",0};{"N",3};{"N",1};{"#",44a01d39-c2b6-4751-85e6-06fdc2f23043,98:b422009c029a0d5911e65ebe4a379fb4};{"N",37.5};{"N",37.5};{"#",de681bef-7b2a-42e5-a126-f4a04369411f,170:00000000000000000000000000000000};{"N",12.5};{"N",0};{"N",0};{"N",0};{"#",5e26518e-b532-48a7-a61c-5be94217aec2,130:00000000000000000000000000000000}
{"#",90934666-83d0-4ca4-8538-3049224a0ae1,64:b4dd009c029a0d5911e62ed1dc8c8b71};{"#",90934666-83d0-4ca4-8538-3049224a0ae1,64:00000000000000000000000000000000};{"#",e9ae4cc7-0f1d-47c7-ad80-d1afc972ee5d,72:a79841ebe5e5b977449b6bced05404a0};{"N",3};{"N",0};{"N",3};{"N",1};{"#",44a01d39-c2b6-4751-85e6-06fdc2f23043,98:b4dd009c029a0d5911e62ed1dc8c8b6f};{"N",123.84};{"N",123.84};{"#",de681bef-7b2a-42e5-a126-f4a04369411f,170:00000000000000000000000000000000};{"N",41.28};{"N",0};{"N",0};{"N",0};{"#",5e26518e-b532-48a7-a61c-5be94217aec2,130:00000000000000000000000000000000}
{"#",90934666-83d0-4ca4-8538-3049224a0ae1,64:b4dd009c029a0d5911e62edb01e16b52};{"#",90934666-83d0-4ca4-8538-3049224a0ae1,64:00000000000000000000000000000000};{"#",e9ae4cc7-0f1d-47c7-ad80-d1afc972ee5d,72:a79841ebe5e5b977449b6bced05404a0};{"N",2};{"N",0};{"N",2};{"N",1};{"#",44a01d39-c2b6-4751-85e6-06fdc2f23043,98:b4dd009c029a0d5911e62edb01e16b50};{"N",82.56};{"N",82.56};{"#",de681bef-7b2a-42e5-a126-f4a04369411f,170:00000000000000000000000000000000};{"N",41.28};{"N",0};{"N",0};{"N",0};{"#",5e26518e-b532-48a7-a61c-5be94217aec2,130:00000000000000000000000000000000}
{"#",90934666-83d0-4ca4-8538-3049224a0ae1,64:b4dd009c029a0d5911e62edb1d590c3e};{"#",90934666-83d0-4ca4-8538-3049224a0ae1,64:00000000000000000000000000000000};{"#",e9ae4cc7-0f1d-47c7-ad80-d1afc972ee5d,72:a79841ebe5e5b977449b6bced05404a0};{"N",4};{"N",0};{"N",4};{"N",1};{"#",44a01d39-c2b6-4751-85e6-06fdc2f23043,98:b4dd009c029a0d5911e62edb1d590c3c};{"N",165.12};{"N",165.12};{"#",de681bef-7b2a-42e5-a126-f4a04369411f,170:00000000000000000000000000000000};{"N",41.28};{"N",0};{"N",0};{"N",0};{"#",5e26518e-b532-48a7-a61c-5be94217aec2,130:00000000000000000000000000000000}
{"#",90934666-83d0-4ca4-8538-3049224a0ae1,64:b4dd009c029a0d5911e62edb518c797e};{"#",90934666-83d0-4ca4-8538-3049224a0ae1,64:00000000000000000000000000000000};{"#",e9ae4cc7-0f1d-47c7-ad80-d1afc972ee5d,72:a79841ebe5e5b977449b6bced05404a0};{"N",0};{"N",0};{"N",3};{"N",1};{"#",44a01d39-c2b6-4751-85e6-06fdc2f23043,98:b4dd009c029a0d5911e62edb518c797c};{"N",0};{"N",123.84};{"#",de681bef-7b2a-42e5-a126-f4a04369411f,170:00000000000000000000000000000000};{"N",41.28};{"N",0};{"N",0};{"N",0};{"#",5e26518e-b532-48a7-a61c-5be94217aec2,130:00000000000000000000000000000000}
{"#",90934666-83d0-4ca4-8538-3049224a0ae1,64:b4dd009c029a0d5911e62edbb7c65202};{"#",90934666-83d0-4ca4-8538-3049224a0ae1,64:00000000000000000000000000000000};{"#",e9ae4cc7-0f1d-47c7-ad80-d1afc972ee5d,72:a79841ebe5e5b977449b6bced05404a0};{"N",5};{"N",0};{"N",4};{"N",1};{"#",44a01d39-c2b6-4751-85e6-06fdc2f23043,98:b4dd009c029a0d5911e62edbb7c65200};{"N",93.6};{"N",74.88};{"#",de681bef-7b2a-42e5-a126-f4a04369411f,170:00000000000000000000000000000000};{"N",18.72};{"N",0};{"N",0};{"N",0};{"#",5e26518e-b532-48a7-a61c-5be94217aec2,130:00000000000000000000000000000000}
{"#",90934666-83d0-4ca4-8538-3049224a0ae1,64:b4dd009c029a0d5911e62edbdde5dbe6};{"#",90934666-83d0-4ca4-8538-3049224a0ae1,64:00000000000000000000000000000000};{"#",e9ae4cc7-0f1d-47c7-ad80-d1afc972ee5d,72:a79841ebe5e5b977449b6bced05404a0};{"N",4};{"N",0};{"N",4};{"N",1};{"#",44a01d39-c2b6-4751-85e6-06fdc2f23043,98:b4dd009c029a0d5911e62edbdde5dbe4};{"N",74.88};{"N",74.88};{"#",de681bef-7b2a-42e5-a126-f4a04369411f,170:00000000000000000000000000000000};{"N",18.72};{"N",0};{"N",0};{"N",0};{"#",5e26518e-b532-48a7-a61c-5be94217aec2,130:00000000000000000000000000000000}
{"#",90934666-83d0-4ca4-8538-3049224a0ae1,64:b4dd009c029a0d5911e62edbf09fef4d};{"#",90934666-83d0-4ca4-8538-3049224a0ae1,64:00000000000000000000000000000000};{"#",e9ae4cc7-0f1d-47c7-ad80-d1afc972ee5d,72:a79841ebe5e5b977449b6bced05404a0};{"N",5};{"N",0};{"N",5};{"N",1};{"#",44a01d39-c2b6-4751-85e6-06fdc2f23043,98:b4dd009c029a0d5911e62edbf09fef4b};{"N",93.6};{"N",93.6};{"#",de681bef-7b2a-42e5-a126-f4a04369411f,170:00000000000000000000000000000000};{"N",18.72};{"N",0};{"N",0};{"N",0};{"#",5e26518e-b532-48a7-a61c-5be94217aec2,130:00000000000000000000000000000000}
{"#",90934666-83d0-4ca4-8538-3049224a0ae1,64:b4dd009c029a0d5911e62edc1da0f380};{"#",90934666-83d0-4ca4-8538-3049224a0ae1,64:00000000000000000000000000000000};{"#",e9ae4cc7-0f1d-47c7-ad80-d1afc972ee5d,72:a79841ebe5e5b977449b6bced05404a0};{"N",5};{"N",0};{"N",5};{"N",1};{"#",44a01d39-c2b6-4751-85e6-06fdc2f23043,98:b4dd009c029a0d5911e62edc1da0f37e};{"N",93.6};{"N",93.6};{"#",de681bef-7b2a-42e5-a126-f4a04369411f,170:00000000000000000000000000000000};{"N",18.72};{"N",0};{"N",0};{"N",0};{"#",5e26518e-b532-48a7-a61c-5be94217aec2,130:00000000000000000000000000000000}
{"#",90934666-83d0-4ca4-8538-3049224a0ae1,64:b4dd009c029a0d5911e62edc5b493835};{"#",90934666-83d0-4ca4-8538-3049224a0ae1,64:00000000000000000000000000000000};{"#",e9ae4cc7-0f1d-47c7-ad80-d1afc972ee5d,72:a79841ebe5e5b977449b6bced05404a0};{"N",4};{"N",0};{"N",4};{"N",1};{"#",44a01d39-c2b6-4751-85e6-06fdc2f23043,98:b4dd009c029a0d5911e62edc5b493833};{"N",90};{"N",90};{"#",de681bef-7b2a-42e5-a126-f4a04369411f,170:00000000000000000000000000000000};{"N",22.5};{"N",0};{"N",0};{"N",0};{"#",5e26518e-b532-48a7-a61c-5be94217aec2,130:00000000000000000000000000000000}
{"#",90934666-83d0-4ca4-8538-3049224a0ae1,64:b4dd009c029a0d5911e62edc6934a43c};{"#",90934666-83d0-4ca4-8538-3049224a0ae1,64:00000000000000000000000000000000};{"#",e9ae4cc7-0f1d-47c7-ad80-d1afc972ee5d,72:a79841ebe5e5b977449b6bced05404a0};{"N",5};{"N",0};{"N",5};{"N",1};{"#",44a01d39-c2b6-4751-85e6-06fdc2f23043,98:b4dd009c029a0d5911e62edc6934a43a};{"N",112.5};{"N",112.5};{"#",de681bef-7b2a-42e5-a126-f4a04369411f,170:00000000000000000000000000000000};{"N",22.5};{"N",0};{"N",0};{"N",0};{"#",5e26518e-b532-48a7-a61c-5be94217aec2,130:00000000000000000000000000000000}
{"#",90934666-83d0-4ca4-8538-3049224a0ae1,64:b4dd009c029a0d5911e62edc7ee14bcd};{"#",90934666-83d0-4ca4-8538-3049224a0ae1,64:00000000000000000000000000000000};{"#",e9ae4cc7-0f1d-47c7-ad80-d1afc972ee5d,72:a79841ebe5e5b977449b6bced05404a0};{"N",4};{"N",0};{"N",3};{"N",1};{"#",44a01d39-c2b6-4751-85e6-06fdc2f23043,98:b4dd009c029a0d5911e62edc7ee14bcb};{"N",90};{"N",67.5};{"#",de681bef-7b2a-42e5-a126-f4a04369411f,170:00000000000000000000000000000000};{"N",22.5};{"N",0};{"N",0};{"N",0};{"#",5e26518e-b532-48a7-a61c-5be94217aec2,130:00000000000000000000000000000000}
{"#",90934666-83d0-4ca4-8538-3049224a0ae1,64:b4dd009c029a0d5911e62edccfef0702};{"#",90934666-83d0-4ca4-8538-3049224a0ae1,64:00000000000000000000000000000000};{"#",e9ae4cc7-0f1d-47c7-ad80-d1afc972ee5d,72:a79841ebe5e5b977449b6bced05404a0};{"N",5};{"N",0};{"N",2};{"N",1};{"#",44a01d39-c2b6-4751-85e6-06fdc2f23043,98:b4dd009c029a0d5911e62edccfef0700};{"N",102.9};{"N",41.16};{"#",de681bef-7b2a-42e5-a126-f4a04369411f,170:00000000000000000000000000000000};{"N",20.58};{"N",0};{"N",0};{"N",0};{"#",5e26518e-b532-48a7-a61c-5be94217aec2,130:00000000000000000000000000000000}
{"#",90934666-83d0-4ca4-8538-3049224a0ae1,64:b4dd009c029a0d5911e62edd63089071};{"#",90934666-83d0-4ca4-8538-3049224a0ae1,64:00000000000000000000000000000000};{"#",e9ae4cc7-0f1d-47c7-ad80-d1afc972ee5d,72:a79841ebe5e5b977449b6bced05404a0};{"N",2};{"N",0};{"N",2};{"N",1};{"#",44a01d39-c2b6-4751-85e6-06fdc2f23043,98:b4dd009c029a0d5911e62edd6308906f};{"N",41.16};{"N",41.16};{"#",de681bef-7b2a-42e5-a126-f4a04369411f,170:00000000000000000000000000000000};{"N",20.58};{"N",0};{"N",0};{"N",0};{"#",5e26518e-b532-48a7-a61c-5be94217aec2,130:00000000000000000000000000000000}
{"#",90934666-83d0-4ca4-8538-3049224a0ae1,64:b4dd009c029a0d5911e62edd7a6b3542};{"#",90934666-83d0-4ca4-8538-3049224a0ae1,64:00000000000000000000000000000000};{"#",e9ae4cc7-0f1d-47c7-ad80-d1afc972ee5d,72:a79841ebe5e5b977449b6bced05404a0};{"N",4};{"N",0};{"N",4};{"N",1};{"#",44a01d39-c2b6-4751-85e6-06fdc2f23043,98:b4dd009c029a0d5911e62edd7a6b3540};{"N",82.32};{"N",82.32};{"#",de681bef-7b2a-42e5-a126-f4a04369411f,170:00000000000000000000000000000000};{"N",20.58};{"N",0};{"N",0};{"N",0};{"#",5e26518e-b532-48a7-a61c-5be94217aec2,130:00000000000000000000000000000000}
{"#",90934666-83d0-4ca4-8538-3049224a0ae1,64:b4dd009c029a0d5911e62ede78ec75ad};{"#",90934666-83d0-4ca4-8538-3049224a0ae1,64:00000000000000000000000000000000};{"#",e9ae4cc7-0f1d-47c7-ad80-d1afc972ee5d,72:a79841ebe5e5b977449b6bced05404a0};{"N",2};{"N",0};{"N",1};{"N",1};{"#",44a01d39-c2b6-4751-85e6-06fdc2f23043,98:b4dd009c029a0d5911e62ede78ec75ab};{"N",42.56};{"N",21.28};{"#",de681bef-7b2a-42e5-a126-f4a04369411f,170:00000000000000000000000000000000};{"N",21.28};{"N",0};{"N",0};{"N",0};{"#",5e26518e-b532-48a7-a61c-5be94217aec2,130:00000000000000000000000000000000}
{"#",90934666-83d0-4ca4-8538-3049224a0ae1,64:b4dd009c029a0d5911e62edec90c2746};{"#",90934666-83d0-4ca4-8538-3049224a0ae1,64:00000000000000000000000000000000};{"#",e9ae4cc7-0f1d-47c7-ad80-d1afc972ee5d,72:a79841ebe5e5b977449b6bced05404a0};{"N",3};{"N",0};{"N",3};{"N",1};{"#",44a01d39-c2b6-4751-85e6-06fdc2f23043,98:b4dd009c029a0d5911e62edec90c2744};{"N",63.84};{"N",63.84};{"#",de681bef-7b2a-42e5-a126-f4a04369411f,170:00000000000000000000000000000000};{"N",21.28};{"N",0};{"N",0};{"N",0};{"#",5e26518e-b532-48a7-a61c-5be94217aec2,130:00000000000000000000000000000000}
{"#",90934666-83d0-4ca4-8538-3049224a0ae1,64:b4dd009c029a0d5911e62edeef3073f7};{"#",90934666-83d0-4ca4-8538-3049224a0ae1,64:00000000000000000000000000000000};{"#",e9ae4cc7-0f1d-47c7-ad80-d1afc972ee5d,72:a79841ebe5e5b977449b6bced05404a0};{"N",2};{"N",0};{"N",1};{"N",1};{"#",44a01d39-c2b6-4751-85e6-06fdc2f23043,98:b4dd009c029a0d5911e62edeef3073f5};{"N",102.2};{"N",51.1};{"#",de681bef-7b2a-42e5-a126-f4a04369411f,170:00000000000000000000000000000000};{"N",51.1};{"N",0};{"N",0};{"N",0};{"#",5e26518e-b532-48a7-a61c-5be94217aec2,130:00000000000000000000000000000000}
{"#",90934666-83d0-4ca4-8538-3049224a0ae1,64:b4dd009c029a0d5911e62edf04f74aac};{"#",90934666-83d0-4ca4-8538-3049224a0ae1,64:00000000000000000000000000000000};{"#",e9ae4cc7-0f1d-47c7-ad80-d1afc972ee5d,72:a79841ebe5e5b977449b6bced05404a0};{"N",1};{"N",0};{"N",1};{"N",1};{"#",44a01d39-c2b6-4751-85e6-06fdc2f23043,98:b4dd009c029a0d5911e62edf04f74aaa};{"N",51.1};{"N",51.1};{"#",de681bef-7b2a-42e5-a126-f4a04369411f,170:00000000000000000000000000000000};{"N",51.1};{"N",0};{"N",0};{"N",0};{"#",5e26518e-b532-48a7-a61c-5be94217aec2,130:00000000000000000000000000000000}
{"#",90934666-83d0-4ca4-8538-3049224a0ae1,64:b4dd009c029a0d5911e62edf164068cc};{"#",90934666-83d0-4ca4-8538-3049224a0ae1,64:00000000000000000000000000000000};{"#",e9ae4cc7-0f1d-47c7-ad80-d1afc972ee5d,72:a79841ebe5e5b977449b6bced05404a0};{"N",2};{"N",0};{"N",2};{"N",1};{"#",44a01d39-c2b6-4751-85e6-06fdc2f23043,98:b4dd009c029a0d5911e62edf164068ca};{"N",98.88};{"N",98.88};{"#",de681bef-7b2a-42e5-a126-f4a04369411f,170:00000000000000000000000000000000};{"N",49.44};{"N",0};{"N",0};{"N",0};{"#",5e26518e-b532-48a7-a61c-5be94217aec2,130:00000000000000000000000000000000}
{"#",90934666-83d0-4ca4-8538-3049224a0ae1,64:b4dd009c029a0d5911e62edf30eb535b};{"#",90934666-83d0-4ca4-8538-3049224a0ae1,64:00000000000000000000000000000000};{"#",e9ae4cc7-0f1d-47c7-ad80-d1afc972ee5d,72:a79841ebe5e5b977449b6bced05404a0};{"N",3};{"N",0};{"N",3};{"N",1};{"#",44a01d39-c2b6-4751-85e6-06fdc2f23043,98:b4dd009c029a0d5911e62edf30eb5359};{"N",153.3};{"N",153.3};{"#",de681bef-7b2a-42e5-a126-f4a04369411f,170:00000000000000000000000000000000};{"N",51.1};{"N",0};{"N",0};{"N",0};{"#",5e26518e-b532-48a7-a61c-5be94217aec2,130:00000000000000000000000000000000}
{"#",90934666-83d0-4ca4-8538-3049224a0ae1,64:b4dd009c029a0d5911e62edf45bf5dc1};{"#",90934666-83d0-4ca4-8538-3049224a0ae1,64:00000000000000000000000000000000};{"#",e9ae4cc7-0f1d-47c7-ad80-d1afc972ee5d,72:a79841ebe5e5b977449b6bced05404a0};{"N",4};{"N",0};{"N",4};{"N",1};{"#",44a01d39-c2b6-4751-85e6-06fdc2f23043,98:b4dd009c029a0d5911e62edf45bf5dbf};{"N",206.6};{"N",206.6};{"#",de681bef-7b2a-42e5-a126-f4a04369411f,170:00000000000000000000000000000000};{"N",51.65};{"N",0};{"N",0};{"N",0};{"#",5e26518e-b532-48a7-a61c-5be94217aec2,130:00000000000000000000000000000000}
{"#",90934666-83d0-4ca4-8538-3049224a0ae1,64:b4dd009c029a0d5911e62edf802da4fb};{"#",90934666-83d0-4ca4-8538-3049224a0ae1,64:00000000000000000000000000000000};{"#",e9ae4cc7-0f1d-47c7-ad80-d1afc972ee5d,72:a79841ebe5e5b977449b6bced05404a0};{"N",3};{"N",0};{"N",4};{"N",1};{"#",44a01d39-c2b6-4751-85e6-06fdc2f23043,98:b4dd009c029a0d5911e62edf802da4f9};{"N",56.16};{"N",74.88};{"#",de681bef-7b2a-42e5-a126-f4a04369411f,170:00000000000000000000000000000000};{"N",18.72};{"N",0};{"N",0};{"N",0};{"#",5e26518e-b532-48a7-a61c-5be94217aec2,130:00000000000000000000000000000000}
{"#",90934666-83d0-4ca4-8538-3049224a0ae1,64:b4dd009c029a0d5911e62edf94b321f7};{"#",90934666-83d0-4ca4-8538-3049224a0ae1,64:00000000000000000000000000000000};{"#",e9ae4cc7-0f1d-47c7-ad80-d1afc972ee5d,72:a79841ebe5e5b977449b6bced05404a0};{"N",0};{"N",0};{"N",1};{"N",1};{"#",44a01d39-c2b6-4751-85e6-06fdc2f23043,98:b4dd009c029a0d5911e62edf94b321f5};{"N",0};{"N",18.72};{"#",de681bef-7b2a-42e5-a126-f4a04369411f,170:00000000000000000000000000000000};{"N",18.72};{"N",0};{"N",0};{"N",0};{"#",5e26518e-b532-48a7-a61c-5be94217aec2,130:00000000000000000000000000000000}
{"#",90934666-83d0-4ca4-8538-3049224a0ae1,64:b4dd009c029a0d5911e62edfa8cfe268};{"#",90934666-83d0-4ca4-8538-3049224a0ae1,64:00000000000000000000000000000000};{"#",e9ae4cc7-0f1d-47c7-ad80-d1afc972ee5d,72:a79841ebe5e5b977449b6bced05404a0};{"N",5};{"N",0};{"N",5};{"N",1};{"#",44a01d39-c2b6-4751-85e6-06fdc2f23043,98:b4dd009c029a0d5911e62edfa8cfe266};{"N",93.6};{"N",93.6};{"#",de681bef-7b2a-42e5-a126-f4a04369411f,170:00000000000000000000000000000000};{"N",18.72};{"N",0};{"N",0};{"N",0};{"#",5e26518e-b532-48a7-a61c-5be94217aec2,130:00000000000000000000000000000000}
{"#",90934666-83d0-4ca4-8538-3049224a0ae1,64:b4dd009c029a0d5911e62edfc1bb4a46};{"#",90934666-83d0-4ca4-8538-3049224a0ae1,64:00000000000000000000000000000000};{"#",e9ae4cc7-0f1d-47c7-ad80-d1afc972ee5d,72:a79841ebe5e5b977449b6bced05404a0};{"N",4};{"N",0};{"N",4};{"N",1};{"#",44a01d39-c2b6-4751-85e6-06fdc2f23043,98:b4dd009c029a0d5911e62edfc1bb4a44};{"N",74.88};{"N",74.88};{"#",de681bef-7b2a-42e5-a126-f4a04369411f,170:00000000000000000000000000000000};{"N",18.72};{"N",0};{"N",0};{"N",0};{"#",5e26518e-b532-48a7-a61c-5be94217aec2,130:00000000000000000000000000000000}
{"#",90934666-83d0-4ca4-8538-3049224a0ae1,64:b4dd009c029a0d5911e62edfd67c49aa};{"#",90934666-83d0-4ca4-8538-3049224a0ae1,64:00000000000000000000000000000000};{"#",e9ae4cc7-0f1d-47c7-ad80-d1afc972ee5d,72:a79841ebe5e5b977449b6bced05404a0};{"N",2};{"N",0};{"N",2};{"N",1};{"#",44a01d39-c2b6-4751-85e6-06fdc2f23043,98:b4dd009c029a0d5911e62edfd67c49a8};{"N",37.5};{"N",37.5};{"#",de681bef-7b2a-42e5-a126-f4a04369411f,170:00000000000000000000000000000000};{"N",18.75};{"N",0};{"N",0};{"N",0};{"#",5e26518e-b532-48a7-a61c-5be94217aec2,130:00000000000000000000000000000000}
{"#",90934666-83d0-4ca4-8538-3049224a0ae1,64:b4dd009c029a0d5911e62edff737356f};{"#",90934666-83d0-4ca4-8538-3049224a0ae1,64:00000000000000000000000000000000};{"#",e9ae4cc7-0f1d-47c7-ad80-d1afc972ee5d,72:a79841ebe5e5b977449b6bced05404a0};{"N",0};{"N",0};{"N",2};{"N",1};{"#",44a01d39-c2b6-4751-85e6-06fdc2f23043,98:b4dd009c029a0d5911e62edff737356d};{"N",0};{"N",48.54};{"#",de681bef-7b2a-42e5-a126-f4a04369411f,170:00000000000000000000000000000000};{"N",24.27};{"N",0};{"N",0};{"N",0};{"#",5e26518e-b532-48a7-a61c-5be94217aec2,130:00000000000000000000000000000000}
{"#",90934666-83d0-4ca4-8538-3049224a0ae1,64:b4dd009c029a0d5911e62ee01c912d1b};{"#",90934666-83d0-4ca4-8538-3049224a0ae1,64:00000000000000000000000000000000};{"#",e9ae4cc7-0f1d-47c7-ad80-d1afc972ee5d,72:a79841ebe5e5b977449b6bced05404a0};{"N",0};{"N",0};{"N",2};{"N",1};{"#",44a01d39-c2b6-4751-85e6-06fdc2f23043,98:b4dd009c029a0d5911e62ee01c912d19};{"N",0};{"N",48.54};{"#",de681bef-7b2a-42e5-a126-f4a04369411f,170:00000000000000000000000000000000};{"N",24.27};{"N",0};{"N",0};{"N",0};{"#",5e26518e-b532-48a7-a61c-5be94217aec2,130:00000000000000000000000000000000}
{"#",90934666-83d0-4ca4-8538-3049224a0ae1,64:b4dd009c029a0d5911e62ee033141093};{"#",90934666-83d0-4ca4-8538-3049224a0ae1,64:00000000000000000000000000000000};{"#",e9ae4cc7-0f1d-47c7-ad80-d1afc972ee5d,72:a79841ebe5e5b977449b6bced05404a0};{"N",0};{"N",0};{"N",1};{"N",1};{"#",44a01d39-c2b6-4751-85e6-06fdc2f23043,98:b4dd009c029a0d5911e62ee033141091};{"N",0};{"N",22.5};{"#",de681bef-7b2a-42e5-a126-f4a04369411f,170:00000000000000000000000000000000};{"N",22.5};{"N",0};{"N",0};{"N",0};{"#",5e26518e-b532-48a7-a61c-5be94217aec2,130:00000000000000000000000000000000}
{"#",90934666-83d0-4ca4-8538-3049224a0ae1,64:9c39009c029a0d5911eb24eb91dcee90};{"#",90934666-83d0-4ca4-8538-3049224a0ae1,64:00000000000000000000000000000000};{"#",e9ae4cc7-0f1d-47c7-ad80-d1afc972ee5d,72:a79841ebe5e5b977449b6bced05404a0};{"N",4};{"N",0};{"N",0};{"N",1};{"#",44a01d39-c2b6-4751-85e6-06fdc2f23043,98:9c39009c029a0d5911eb24eb91dcee8f};{"N",273};{"N",0};{"#",de681bef-7b2a-42e5-a126-f4a04369411f,170:00000000000000000000000000000000};{"N",68.25};{"N",0};{"N",0};{"N",0};{"#",5e26518e-b532-48a7-a61c-5be94217aec2,130:00000000000000000000000000000000}
{"#",90934666-83d0-4ca4-8538-3049224a0ae1,64:9c39009c029a0d5911eb24ebc37cfea8};{"#",90934666-83d0-4ca4-8538-3049224a0ae1,64:00000000000000000000000000000000};{"#",e9ae4cc7-0f1d-47c7-ad80-d1afc972ee5d,72:a79841ebe5e5b977449b6bced05404a0};{"N",5};{"N",0};{"N",0};{"N",1};{"#",44a01d39-c2b6-4751-85e6-06fdc2f23043,98:9c39009c029a0d5911eb24ebc37cfea7};{"N",341.25};{"N",0};{"#",de681bef-7b2a-42e5-a126-f4a04369411f,170:00000000000000000000000000000000};{"N",68.25};{"N",0};{"N",0};{"N",0};{"#",5e26518e-b532-48a7-a61c-5be94217aec2,130:00000000000000000000000000000000}
{"#",90934666-83d0-4ca4-8538-3049224a0ae1,64:9fcf801f02259a1811e23ea8d902765b};{"#",90934666-83d0-4ca4-8538-3049224a0ae1,64:00000000000000000000000000000000};{"#",e9ae4cc7-0f1d-47c7-ad80-d1afc972ee5d,72:a79841ebe5e5b977449b6bced05404a0};{"N",3};{"N",0};{"N",0};{"N",1};{"#",44a01d39-c2b6-4751-85e6-06fdc2f23043,98:9fcf801f02259a1811e23ea8d902765a};{"N",204.75};{"N",0};{"#",de681bef-7b2a-42e5-a126-f4a04369411f,170:00000000000000000000000000000000};{"N",68.25};{"N",0};{"N",0};{"N",0};{"#",5e26518e-b532-48a7-a61c-5be94217aec2,130:00000000000000000000000000000000}
{"#",90934666-83d0-4ca4-8538-3049224a0ae1,64:b4dd009c029a0d5911e62edc8fd4b861};{"#",90934666-83d0-4ca4-8538-3049224a0ae1,64:00000000000000000000000000000000};{"#",e9ae4cc7-0f1d-47c7-ad80-d1afc972ee5d,72:a79841ebe5e5b977449b6bced05404a0};{"N",1};{"N",0};{"N",0};{"N",1};{"#",44a01d39-c2b6-4751-85e6-06fdc2f23043,98:b4dd009c029a0d5911e62edc8fd4b85f};{"N",22.5};{"N",0};{"#",de681bef-7b2a-42e5-a126-f4a04369411f,170:00000000000000000000000000000000};{"N",22.5};{"N",0};{"N",0};{"N",0};{"#",5e26518e-b532-48a7-a61c-5be94217aec2,130:00000000000000000000000000000000}
{"#",90934666-83d0-4ca4-8538-3049224a0ae1,64:b4dd009c029a0d5911e62ee00c2ef478};{"#",90934666-83d0-4ca4-8538-3049224a0ae1,64:00000000000000000000000000000000};{"#",e9ae4cc7-0f1d-47c7-ad80-d1afc972ee5d,72:a79841ebe5e5b977449b6bced05404a0};{"N",1};{"N",0};{"N",0};{"N",1};{"#",44a01d39-c2b6-4751-85e6-06fdc2f23043,98:b4dd009c029a0d5911e62ee00c2ef476};{"N",22.5};{"N",0};{"#",de681bef-7b2a-42e5-a126-f4a04369411f,170:00000000000000000000000000000000};{"N",22.5};{"N",0};{"N",0};{"N",0};{"#",5e26518e-b532-48a7-a61c-5be94217aec2,130:00000000000000000000000000000000}
{"#",90934666-83d0-4ca4-8538-3049224a0ae1,64:b4dd009c029a0d5911e62edc0754cfab};{"#",90934666-83d0-4ca4-8538-3049224a0ae1,64:00000000000000000000000000000000};{"#",e9ae4cc7-0f1d-47c7-ad80-d1afc972ee5d,72:a79841ebe5e5b977449b6bced05404a0};{"N",1};{"N",0};{"N",0};{"N",1};{"#",44a01d39-c2b6-4751-85e6-06fdc2f23043,98:b4dd009c029a0d5911e62edc0754cfa9};{"N",22.5};{"N",0};{"#",de681bef-7b2a-42e5-a126-f4a04369411f,170:00000000000000000000000000000000};{"N",22.5};{"N",0};{"N",0};{"N",0};{"#",5e26518e-b532-48a7-a61c-5be94217aec2,130:00000000000000000000000000000000}
